Div;Date;HomeTeam;AwayTeam;FTHG;FTAG;FTR;HTHG;HTAG;HTR;B365H;B365D;B365A;BWH;BWD;BWA;IWH;IWD;IWA;LBH;LBD;LBA;PSH;PSD;PSA;WHH;WHD;WHA;VCH;VCD;VCA;Bb1X2;BbMxH;BbAvH;BbMxD;BbAvD;BbMxA;BbAvA;PSCH;PSCD;PSCA
SP2;19/08/2016;Almeria;Cadiz;1;1;D;0;0;D;2;3.4;3.75;2;3.2;4;2.2;3.2;3;2.05;3.1;3.8;2.09;3.27;4.15;2.15;3.1;3.4;2.05;3.2;4;56;2.28;2.05;3.4;3.17;4.15;3.67;2.1;3.34;4
SP2;19/08/2016;Mirandes;Getafe;1;1;D;0;0;D;2.63;3;2.88;2.7;3;2.8;2.5;3;2.8;2.62;3;2.8;2.79;3.12;2.89;2.5;3;2.88;2.7;3.1;2.8;56;2.79;2.63;3.15;3.02;2.89;2.75;2.71;3.12;2.99
SP2;20/08/2016;Alcorcon;Huesca;0;0;D;0;0;D;2.1;3.25;3.6;2.1;3.1;3.8;2.1;3.1;3.3;2.1;3.1;3.75;2.16;3.25;3.93;2.1;3.1;3.6;2.15;3.13;3.75;54;2.17;2.11;3.25;3.13;3.93;3.55;2.3;3.17;3.66
SP2;20/08/2016;Cordoba;Tenerife;1;0;H;1;0;H;2.05;3.25;3.75;2.1;3.2;3.75;2.1;3.3;3.1;2.15;3;3.6;2.21;3.19;3.86;2.1;3.1;3.6;2.15;3.13;3.75;54;2.21;2.12;3.3;3.11;3.86;3.54;2.25;3.14;3.82
SP2;20/08/2016;Elche;Vallecano;2;1;H;2;1;H;3;3;2.5;3.1;3.1;2.4;2.6;3;2.6;3;3.1;2.4;3.16;3.18;2.48;2.8;3.1;2.5;3;3.13;2.5;54;3.16;2.94;3.2;3.07;2.6;2.43;3.39;3.24;2.37
SP2;20/08/2016;Mallorca;Reus Deportiu;0;1;A;0;0;D;2;3;4.33;1.95;3.2;4.25;2;3.3;3.3;2;3.1;4.2;2.04;3.25;4.41;2;3;4;2;3.2;4.2;54;2.05;1.98;3.3;3.14;4.55;3.97;2.05;3.26;4.33
SP2;21/08/2016;Gimnastic;Lugo;2;2;D;0;2;A;1.95;3.3;4;1.95;3.25;4.1;1.9;3.3;3.7;1.95;3.1;4.2;2.02;3.31;4.38;2;3;4;1.95;3.25;4.3;54;2.02;1.96;3.31;3.19;4.38;3.95;2.18;3.24;3.86
SP2;21/08/2016;Numancia;Levante;0;1;A;0;0;D;2.5;3;3;2.6;3.1;2.85;2.5;3;2.8;2.62;3;2.88;2.75;3.12;2.93;2.5;3;2.88;2.63;3.1;2.88;54;2.75;2.55;3.3;3.03;3;2.81;2.59;3.17;3.09
SP2;21/08/2016;Sevilla B;Girona;3;3;D;1;0;H;3.2;3;2.4;3.1;3.1;2.4;3;3;2.3;3.1;3;2.4;3.34;3.14;2.46;3;3;2.4;3.13;3.1;2.45;54;3.34;3.08;3.15;3.01;2.5;2.38;3.4;3.2;2.39
SP2;21/08/2016;Valladolid;Oviedo;1;0;H;1;0;H;2.05;3.3;3.6;2.05;3.25;3.75;2;3.3;3.3;2.1;3.1;3.75;2.14;3.28;3.95;2.05;3.2;3.6;2.1;3.2;3.8;54;2.15;2.08;3.3;3.18;3.95;3.56;2.27;3.16;3.73
SP2;22/08/2016;Zaragoza;UCAM Murcia;3;1;H;3;0;H;1.8;3.4;4.75;1.75;3.25;4.5;1.75;3.4;4.3;1.85;3.3;4.5;1.9;3.42;4.84;1.83;3.2;4.5;1.83;3.3;5;52;1.9;1.83;3.5;3.28;5;4.45;2.09;3.22;4.25
SP2;26/08/2016;Getafe;Numancia;0;0;D;0;0;D;1.75;3.4;5;1.8;3.4;4.75;1.75;3.4;4.3;1.8;3.2;5;1.85;3.36;5.34;1.75;3.2;5;1.8;3.3;5.2;53;1.85;1.79;3.4;3.23;5.59;4.84;1.82;3.45;5.36
SP2;26/08/2016;Tenerife;Sevilla B;1;1;D;0;1;A;1.91;3.2;4.33;1.95;3.25;4.2;1.9;3.3;3.7;1.95;3.2;4.2;1.99;3.34;4.48;1.91;3.2;4;1.95;3.25;4.33;53;2.01;1.93;3.34;3.22;4.48;4.05;1.79;3.58;5.39
SP2;27/08/2016;Girona;Elche;3;1;H;2;0;H;1.8;3.4;4.75;1.87;3.25;4.6;1.85;3.4;3.8;1.8;3.25;5;1.85;3.4;5.27;1.8;3.2;4.5;1.83;3.4;4.8;47;1.87;1.82;3.4;3.28;5.27;4.58;1.87;3.44;5.02
SP2;27/08/2016;Lugo;Zaragoza;3;3;D;1;1;D;2.38;3.1;3.1;2.45;3;3.1;2.3;3.2;2.8;2.4;3;3.2;2.46;3.17;3.29;2.38;3;3.1;2.4;3.13;3.2;52;2.46;2.38;3.2;3.06;3.29;3.05;2.66;3.21;2.95
SP2;27/08/2016;Oviedo;Almeria;2;0;H;0;0;D;2.05;3.1;4;2.05;3.2;3.8;2.1;3.3;3.1;2.15;3;3.75;2.2;3.21;3.86;2.15;3.1;3.4;2.1;3.2;3.8;53;2.2;2.1;3.3;3.12;4;3.57;2.16;3.29;3.87
SP2;27/08/2016;Reus Deportiu;Mirandes;1;1;D;1;1;D;2.4;3.2;3;2.35;2.95;3.4;2.2;3.2;3;2.4;2.9;3.2;2.53;3.05;3.31;2.25;2.9;3.4;2.4;3;3.3;51;2.53;2.39;3.2;2.97;3.4;3.11;2.47;3.15;3.31
SP2;28/08/2016;Cadiz;Mallorca;1;1;D;1;0;H;2.38;3;3.25;2.45;3;3.1;2.4;3.2;2.7;2.4;2.9;3.3;2.43;3.02;3.51;2.38;2.88;3.2;2.4;3;3.3;52;2.47;2.38;3.2;2.96;3.51;3.15;2.54;2.99;3.36
SP2;28/08/2016;Huesca;Gimnastic;1;1;D;0;0;D;2.2;3.1;3.5;2.2;3.1;3.5;2.2;3.2;3;2.15;3;3.75;2.19;3.2;3.92;2.15;3.1;3.4;2.15;3.2;3.7;51;2.22;2.14;3.25;3.1;3.92;3.5;2.23;3.21;3.78
SP2;28/08/2016;Levante;Alcorcon;2;0;H;2;0;H;1.91;3.25;4.33;1.85;3.3;4.6;2;3.3;3.3;1.91;3.1;4.5;1.92;3.32;4.92;1.91;3.1;4.33;1.95;3.2;4.5;51;2;1.89;3.32;3.17;4.92;4.32;2.02;3.21;4.56
SP2;28/08/2016;UCAM Murcia;Cordoba;1;1;D;0;0;D;2.4;3;3.2;2.4;3.1;3.1;2.4;3.2;2.7;2.5;3;2.9;2.64;3.12;3.07;2.5;2.9;3;2.6;3;3;50;2.64;2.48;3.2;2.98;3.2;2.97;2.85;3.07;2.88
SP2;28/08/2016;Vallecano;Valladolid;0;0;D;0;0;D;1.85;3.4;4.33;1.95;3.4;3.9;1.9;3.3;3.7;1.91;3.3;4.2;1.99;3.41;4.35;1.95;3.3;3.8;1.91;3.4;4.3;51;1.99;1.91;3.41;3.31;4.35;4.02;1.82;3.67;4.96
SP2;02/09/2016;Cordoba;Lugo;3;3;D;1;1;D;1.95;3.3;4;1.95;3.25;4.1;1.9;3.3;3.7;1.95;3.25;4;2.01;3.39;4.29;1.91;3.1;4.2;2;3.3;4;55;2.01;1.95;3.4;3.24;4.31;3.95;1.94;3.41;4.62
SP2;02/09/2016;Sevilla B;UCAM Murcia;1;1;D;0;0;D;2.2;3.2;3.4;2.2;3;3.7;2.2;3.2;3;2.2;3;3.6;2.24;3.19;3.78;2.2;3;3.4;2.2;3.1;3.6;54;2.26;2.18;3.2;3.06;3.78;3.45;2.2;3.14;3.95
SP2;03/09/2016;Almeria;Vallecano;3;0;H;2;0;H;2.88;3.2;2.5;2.7;3.25;2.6;2.7;3.2;2.4;2.75;3.2;2.5;2.87;3.35;2.65;2.6;3.1;2.6;2.8;3.3;2.55;53;2.9;2.75;3.35;3.16;2.65;2.52;2.99;3.18;2.66
SP2;03/09/2016;Elche;Tenerife;3;1;H;1;0;H;2.15;3.2;3.4;2.3;3.1;3.3;2.3;3.2;2.8;2.2;3;3.5;2.28;3.17;3.71;2.15;3.1;3.4;2.25;3.1;3.5;55;2.31;2.21;3.2;3.07;3.71;3.35;2.07;3.15;4.41
SP2;03/09/2016;Getafe;Reus Deportiu;1;1;D;0;0;D;1.65;3.6;5.5;1.72;3.4;5.5;1.7;3.5;4.4;1.65;3.3;6;1.67;3.59;6.84;1.7;3.3;5;1.65;3.5;6.25;55;1.72;1.67;3.6;3.39;6.84;5.49;1.69;3.62;6.33
SP2;03/09/2016;Mirandes;Cadiz;3;2;H;0;2;A;1.95;3.3;4;1.95;3.1;4.4;1.9;3.3;3.7;1.95;3.1;4.33;1.99;3.27;4.61;1.91;3.2;4;1.95;3.25;4.33;55;2;1.93;3.3;3.16;4.61;4.14;2.13;3.15;4.2
SP2;03/09/2016;Valladolid;Girona;2;1;H;2;0;H;2.3;3;3.4;2.4;3.2;3;2.4;3.2;2.7;2.3;3.1;3.2;2.35;3.29;3.38;2.3;3.1;3.1;2.38;3.13;3.25;55;2.45;2.32;3.29;3.09;3.5;3.13;2.4;3.16;3.42
SP2;04/09/2016;Gimnastic;Levante;1;1;D;0;0;D;2.6;3.2;2.7;2.7;3;2.8;2.6;3;2.6;2.7;3;2.75;2.8;3.12;2.88;2.5;3;2.9;2.7;3.1;2.8;50;2.8;2.64;3.2;3.03;2.9;2.74;2.81;3.19;2.81
SP2;04/09/2016;Mallorca;Oviedo;0;0;D;0;0;D;2.25;3.1;3.4;2.2;3.1;3.5;2.3;3.2;2.8;2.2;3;3.5;2.24;3.19;3.76;2.3;3;3.2;2.25;3.1;3.5;54;2.3;2.22;3.2;3.04;3.76;3.38;2.27;3.14;3.77
SP2;04/09/2016;Numancia;Alcorcon;1;1;D;1;1;D;2.25;3.1;3.4;2.3;3.1;3.3;2.3;3.2;2.8;2.3;3.1;3.25;2.4;3.23;3.36;2.2;3.1;3.3;2.3;3.2;3.3;54;2.4;2.27;3.25;3.09;3.5;3.2;2.53;3.03;3.33
SP2;04/09/2016;Zaragoza;Huesca;1;0;H;0;0;D;1.91;3.4;4;1.95;3.25;4.2;1.9;3.3;3.7;1.95;3.25;4.2;1.99;3.38;4.42;1.95;3.25;3.8;1.95;3.4;4.1;51;2;1.94;3.4;3.25;4.42;3.95;1.87;3.54;4.82
SP2;10/09/2016;Levante;Zaragoza;4;2;H;3;1;H;1.95;3.3;4;2;3.25;4.1;2;3.3;3.3;2;3.2;4;2.05;3.34;4.21;2;3.2;3.8;2;3.25;4.1;51;2.05;1.99;3.34;3.19;4.21;3.86;1.79;3.58;5.3
SP2;10/09/2016;Lugo;Sevilla B;1;0;H;0;0;D;1.95;3.3;4;2;3.4;3.9;2;3.3;3.3;2;3.4;3.6;2.08;3.54;3.82;2;3.4;3.5;2;3.5;3.8;56;2.08;1.99;3.55;3.42;4;3.57;2.18;3.47;3.59
SP2;10/09/2016;Reus Deportiu;Numancia;1;1;D;0;0;D;2.3;3.1;3.25;2.35;3.1;3.3;2.2;3.2;3;2.4;3;3.1;2.49;3.14;3.27;2.25;3;3.3;2.4;3.1;3.25;55;2.49;2.34;3.2;3.03;3.4;3.14;2.58;3.12;3.16
SP2;10/09/2016;Tenerife;Valladolid;1;0;H;1;0;H;2.4;3.25;2.9;2.4;3.1;3.2;2.4;3.2;2.7;2.5;3.1;2.9;2.55;3.25;3.08;2.38;3.1;2.9;2.5;3.13;3;56;2.55;2.43;3.25;3.12;3.2;2.91;2.49;3.1;3.32
SP2;11/09/2016;Alcorcon;Gimnastic;1;0;H;0;0;D;2;3.2;4;2.1;3.1;4;2;3.3;3.3;2.05;3.1;4;2.08;3.25;4.21;2.05;2.9;4;2.05;3.13;4.1;51;2.11;2.04;3.3;3.1;4.21;3.84;2.02;3.27;4.45
SP2;11/09/2016;Cadiz;Getafe;3;0;H;1;0;H;2.7;3.1;2.7;2.45;2.9;2.9;2.5;3.2;2.6;2.7;3;2.75;2.84;3.14;2.82;2.7;2.9;2.75;2.75;3.1;2.75;56;2.84;2.66;3.2;3.02;2.9;2.7;2.67;3.11;3.04
SP2;11/09/2016;Girona;Almeria;3;3;D;2;1;H;1.8;3.5;4.5;1.87;3.4;4.6;1.8;3.4;4;1.83;3.3;4.5;1.85;3.52;4.96;1.8;3.4;4.33;1.8;3.5;4.75;55;1.9;1.81;3.52;3.36;4.96;4.42;1.81;3.61;5.15
SP2;11/09/2016;Huesca;Cordoba;3;0;H;2;0;H;2.3;3.1;3.2;2.4;3.1;3.2;2.3;3.2;2.8;2.3;3;3.2;2.42;3.19;3.34;2.4;3;3;2.38;3.1;3.25;56;2.42;2.34;3.2;3.07;3.34;3.12;2.26;3.24;3.63
SP2;11/09/2016;Oviedo;Mirandes;0;0;D;0;0;D;2;3.3;3.8;2;3.3;4;1.9;3.3;3.7;2.05;3.2;3.8;2.08;3.34;4.08;2;3.2;3.75;2.05;3.25;3.9;56;2.09;2.02;3.34;3.2;4.08;3.74;2.07;3.4;4.03
SP2;11/09/2016;UCAM Murcia;Elche;1;1;D;0;1;A;2.5;3;3;2.5;3.1;3.1;2.4;3.2;2.7;2.5;3;2.9;2.64;3.11;3.07;2.5;2.9;3;2.6;3;3;55;2.64;2.51;3.2;3;3.1;2.9;2.61;3.05;3.18
SP2;11/09/2016;Vallecano;Mallorca;1;0;H;0;0;D;1.85;3.4;4.33;1.9;3.4;4.33;1.9;3.3;3.7;1.85;3.4;4.2;1.94;3.51;4.43;1.91;3.25;4;1.95;3.5;4;56;1.95;1.86;3.51;3.35;4.7;4.19;1.97;3.57;4.21
SP2;17/09/2016;Cordoba;Levante;1;0;H;1;0;H;2.63;3.2;2.7;2.55;3.1;2.6;2.6;3;2.6;2.75;3;2.7;2.83;3.14;2.82;2.6;3;2.75;2.7;3.1;2.8;54;2.83;2.64;3.2;3.05;2.82;2.7;3.01;3.1;2.7
SP2;17/09/2016;Elche;Lugo;0;3;A;0;2;A;1.91;3.4;4;1.87;3.3;3.8;2;3.3;3.3;1.95;3.25;4;2.03;3.37;4.22;1.95;3.3;3.8;1.95;3.4;4.1;55;2.03;1.95;3.4;3.3;4.22;3.84;2;3.37;4.38
SP2;17/09/2016;Numancia;Gimnastic;1;0;H;1;0;H;2.2;3;3.6;2.2;2.9;3.3;2.2;3.2;3;2.25;2.9;3.6;2.3;3.11;3.73;2.2;3;3.4;2.2;3.1;3.6;54;2.3;2.2;3.2;3.02;3.73;3.41;2.05;3.23;4.42
SP2;17/09/2016;Reus Deportiu;Cadiz;1;0;H;0;0;D;2.25;3.2;3.25;2.2;3.1;3.1;2.2;3.2;3;2.3;3;3.2;2.44;3.19;3.31;2.3;3;3.2;2.38;3.1;3.25;55;2.44;2.3;3.2;3.06;3.32;3.18;2.25;3.14;3.8
SP2;17/09/2016;Valladolid;UCAM Murcia;0;1;A;0;0;D;1.7;3.5;5.25;1.75;3.4;4.25;1.8;3.4;4;1.75;3.25;5.25;1.76;3.47;5.9;1.75;3.25;5;1.75;3.4;5.4;53;1.8;1.76;3.5;3.33;5.9;4.85;2.05;3.22;4.41
SP2;17/09/2016;Zaragoza;Alcorcon;2;0;H;1;0;H;1.95;3.5;3.75;2.05;3.25;3.3;2;3.3;3.3;2.05;3.2;3.8;2.1;3.32;4.04;2.05;3.2;3.6;2.05;3.25;3.9;54;2.1;2.02;3.5;3.23;4.04;3.69;2.18;3.21;3.94
SP2;18/09/2016;Almeria;Tenerife;0;1;A;0;0;D;2.1;3.3;3.5;2.1;3.25;3.2;2;3.3;3.3;2.05;3.1;3.8;2.07;3.29;4.22;2.1;3.1;3.6;2.1;3.2;3.8;55;2.12;2.05;3.3;3.18;4.22;3.67;2.19;3.28;3.81
SP2;18/09/2016;Getafe;Oviedo;2;1;H;0;1;A;2;3.4;3.75;2;3.2;3.5;2;3.3;3.3;1.95;3.1;4.2;1.99;3.33;4.48;2;3.2;3.8;2;3.25;4.1;55;2.1;1.98;3.4;3.19;4.48;3.86;1.88;3.45;4.89
SP2;18/09/2016;Mallorca;Girona;1;0;H;1;0;H;2.3;3.25;3.1;2.35;3.1;2.85;2.2;3.2;3;2.3;3.1;3.2;2.39;3.25;3.33;2.25;3.1;3.2;2.3;3.2;3.25;53;2.39;2.28;3.25;3.11;3.35;3.17;2.18;3.09;4.16
SP2;18/09/2016;Mirandes;Vallecano;2;1;H;1;1;D;2.45;3.2;2.9;2.35;3.1;2.85;2.5;3.2;2.6;2.5;3;2.9;2.62;3.19;3.04;2.5;3.1;2.8;2.55;3.2;2.9;55;2.65;2.49;3.2;3.08;3.04;2.85;3.03;3.31;2.54
SP2;18/09/2016;Sevilla B;Huesca;2;0;H;0;0;D;2.45;3.25;2.88;2.45;3.1;2.7;2.4;3.2;2.7;2.5;2.9;3;2.65;3.08;3.1;2.5;3;2.88;2.55;3.1;3;54;2.65;2.49;3.25;3.05;3.1;2.88;2.74;3.21;2.87
SP2;20/09/2016;Alcorcon;Cordoba;0;1;A;0;0;D;2.05;3.2;3.8;2.1;3.1;4;2.1;3.2;3.2;2.1;3;4;2.14;3.11;4.22;2.05;2.9;4;2.1;3.1;4;56;2.14;2.07;3.2;3.04;4.22;3.8;2.49;3.1;3.3
SP2;20/09/2016;Cadiz;Numancia;1;0;H;0;0;D;2.3;3.1;3.3;2.3;3.1;3.4;2.4;3;2.8;2.38;2.9;3.3;2.44;3.07;3.45;2.3;2.9;3.3;2.38;3;3.3;56;2.46;2.34;3.15;2.99;3.45;3.19;2.1;3.16;4.31
SP2;20/09/2016;Gimnastic;Zaragoza;0;0;D;0;0;D;2.4;3.1;3.1;2.4;3.1;3.2;2.4;3;2.8;2.4;3;3.1;2.56;3.14;3.16;2.4;3;3;2.45;3.1;3.13;56;2.56;2.41;3.15;3.04;3.29;3.01;2.67;3.08;3.07
SP2;20/09/2016;Lugo;Valladolid;1;0;H;1;0;H;2.55;3.25;2.75;2.6;3.2;2.85;2.5;3.2;2.6;2.6;3.1;2.8;2.65;3.21;2.97;2.5;3.1;2.8;2.55;3.2;2.9;56;2.68;2.52;3.25;3.11;2.97;2.8;2.6;3.26;2.99
SP2;21/09/2016;Huesca;Elche;0;3;A;0;0;D;1.95;3.2;4.2;2;3.2;4.2;1.9;3.3;3.7;2;3.1;4;2.08;3.25;4.22;1.95;3.2;4;2;3.2;4.2;53;2.08;1.98;3.3;3.15;4.22;3.96;2.22;3.22;3.8
SP2;21/09/2016;Levante;Sevilla B;1;0;H;0;0;D;1.53;3.8;6.5;1.57;3.75;6.75;1.6;3.6;5;1.57;3.6;6;1.6;3.93;6.85;1.57;3.6;6;1.57;3.9;6.25;53;1.62;1.56;3.93;3.71;6.85;6.04;1.57;4.04;7.11
SP2;21/09/2016;UCAM Murcia;Almeria;4;0;H;1;0;H;2.45;3;3.1;2.5;3.1;3.1;2.4;3;2.8;2.4;2.9;3.2;2.5;3.07;3.34;2.5;2.9;3;2.45;3;3.25;52;2.5;2.43;3.1;2.96;3.34;3.06;2.27;3.15;3.75
SP2;22/09/2016;Girona;Mirandes;1;1;D;0;0;D;1.85;3.4;4.33;1.91;3.4;4.25;1.9;3.3;3.7;1.85;3.4;4.5;1.88;3.55;4.75;1.91;3.25;4;1.85;3.5;4.6;52;1.91;1.85;3.55;3.36;4.75;4.23;1.5;3.81;6.42
SP2;22/09/2016;Oviedo;Reus Deportiu;0;1;A;0;0;D;1.83;3.2;4.75;1.85;3.3;4.75;1.9;3.3;3.7;1.85;3.25;4.5;1.95;3.35;4.68;1.91;3.1;4.2;1.87;3.3;4.75;53;1.95;1.88;3.35;3.2;4.75;4.33;1.91;3.38;4.89
SP2;22/09/2016;Tenerife;Mallorca;0;0;D;0;0;D;2.6;3;2.88;2.45;2.95;3.25;2.3;3;2.9;2.4;2.9;3.2;2.52;3.06;3.32;2.5;2.88;3;2.45;3;3.2;52;2.6;2.45;3.06;2.94;3.32;3.06;2.4;2.97;3.6
SP2;22/09/2016;Vallecano;Getafe;2;0;H;1;0;H;2.05;3.3;3.6;2.1;3.3;3.7;2.1;3.1;3.3;2.1;3.1;3.6;2.16;3.31;3.85;2.05;3.25;3.5;2.15;3.25;3.6;53;2.16;2.09;3.31;3.17;3.85;3.56;1.92;3.39;4.81
SP2;24/09/2016;Almeria;Lugo;0;0;D;0;0;D;2.25;3.4;3.1;2.3;3.3;3.1;2.3;3.2;2.8;2.25;3.2;3.3;2.29;3.34;3.45;2.3;3.2;3;2.3;3.25;3.3;48;2.4;2.25;3.4;3.17;3.45;3.2;1.97;3.48;4.33
SP2;24/09/2016;Cordoba;Gimnastic;2;0;H;1;0;H;1.91;3.4;4;1.91;3.3;4.2;1.8;3.4;4;2;3.2;4;2.07;3.32;4.14;1.91;3.25;4;2;3.25;4.1;48;2.07;1.96;3.4;3.24;4.5;3.93;1.96;3.42;4.38
SP2;24/09/2016;Elche;Levante;0;1;A;0;0;D;2.6;3.3;2.63;2.7;3.1;2.7;2.6;3;2.6;2.7;3.1;2.7;2.81;3.22;2.79;2.6;3;2.75;2.7;3.1;2.8;48;2.81;2.65;3.3;3.09;2.79;2.68;2.76;3.11;2.91
SP2;24/09/2016;Sevilla B;Alcorcon;1;1;D;1;0;H;2.5;3.2;2.8;2.5;3;3.1;2.5;3;2.7;2.5;3;3;2.56;3.17;3.14;2.5;2.88;3;2.55;3;3.13;48;2.56;2.46;3.2;3.01;3.15;2.98;2.45;3;3.53
SP2;24/09/2016;Valladolid;Huesca;1;2;A;0;0;D;2.05;3.3;3.6;2.05;3.3;3.7;2;3.3;3.3;2;3.1;4;2.05;3.29;4.27;2.05;3.2;3.6;2;3.3;4;48;2.07;2.01;3.3;3.19;4.27;3.77;1.72;3.59;6
SP2;25/09/2016;Cadiz;Oviedo;0;2;A;0;2;A;2.15;3.25;3.4;2.25;3.1;3.4;2.2;3.2;3;2.25;3;3.5;2.31;3.13;3.68;2.2;3.1;3.3;2.25;3.13;3.5;48;2.31;2.21;3.25;3.09;3.68;3.37;2.15;3.19;4.05
SP2;25/09/2016;Getafe;Girona;0;2;A;0;1;A;2.1;3.3;3.5;2.2;3;3.7;2.1;3.1;3.3;2.15;3;3.6;2.21;3.16;3.9;2.15;3.1;3.4;2.2;3.13;3.7;48;2.23;2.13;3.3;3.11;3.9;3.53;2.42;3.19;3.35
SP2;25/09/2016;Mallorca;UCAM Murcia;0;0;D;0;0;D;1.85;3.4;4.33;1.95;3.1;4.4;2;3.3;3.3;1.91;3.1;4.5;1.94;3.32;4.75;1.91;3.1;4.33;1.9;3.2;4.8;47;2;1.9;3.4;3.15;4.8;4.37;1.97;3.13;5.04
SP2;25/09/2016;Mirandes;Tenerife;3;2;H;2;0;H;2.3;3.4;3;2.4;3.2;3;2.3;3.2;2.8;2.4;3;3.1;2.45;3.21;3.27;2.38;3;3.1;2.4;3.1;3.2;48;2.45;2.35;3.4;3.12;3.27;3.07;2.64;3.28;2.93
SP2;25/09/2016;Numancia;Zaragoza;2;1;H;1;1;D;2.4;3.25;2.9;2.4;3.2;3;2.3;3.2;2.8;2.4;3;3.1;2.5;3.2;3.21;2.38;3;3.1;2.45;3.13;3.13;48;2.5;2.39;3.25;3.09;3.21;3.02;2.37;3.12;3.54
SP2;25/09/2016;Reus Deportiu;Vallecano;1;1;D;1;0;H;2.9;3.4;2.38;2.85;3.1;2.6;2.6;3;2.6;3;3;2.5;3.12;3.14;2.58;3;3;2.4;3;3.13;2.5;47;3.12;2.91;3.4;3.05;2.6;2.49;3.03;3.16;2.63
SP2;01/10/2016;Alcorcon;Elche;1;0;H;0;0;D;2.1;3.3;3.5;2.15;3.25;3.5;2.1;3.3;3.1;2.2;3;3.6;2.24;3.12;3.88;2.1;3.1;3.6;2.2;3.1;3.7;55;2.24;2.16;3.3;3.09;3.88;3.48;2.14;3.13;4.19
SP2;01/10/2016;Gimnastic;Sevilla B;1;1;D;1;1;D;2;3.3;3.8;2.05;3.3;3.7;2;3.3;3.3;2;3;4;1.99;3.27;4.61;2.05;3.1;3.75;2.2;3.2;4;55;2.2;2.03;3.3;3.16;4.61;3.79;1.96;3.41;4.49
SP2;01/10/2016;Huesca;Almeria;2;0;H;1;0;H;2.1;3.3;3.5;2.1;3.1;3.8;2.1;3.3;3.1;2.15;3;3.75;2.17;3.18;3.99;2.1;3.1;3.6;2.2;3.2;3.6;55;2.2;2.11;3.3;3.11;3.99;3.58;2.15;3.22;4
SP2;01/10/2016;Lugo;Mallorca;3;1;H;2;1;H;2.38;3.3;2.9;2.3;3.2;3.2;2.2;3.2;3;2.4;3;3.2;2.5;3.09;3.33;2.2;3.1;3.3;2.4;3.1;3.2;55;2.5;2.34;3.3;3.05;3.4;3.14;2.37;3.17;3.47
SP2;01/10/2016;Zaragoza;Cordoba;1;1;D;1;1;D;2.1;3.3;3.5;2.05;3.2;3.8;2.1;3.3;3.1;2.1;3;3.8;2.15;3.15;4.13;2.15;3.1;3.4;2.1;3.25;3.75;55;2.15;2.1;3.3;3.13;4.13;3.6;2.19;3.25;3.83
SP2;02/10/2016;Girona;Reus Deportiu;1;0;H;0;0;D;1.67;3.6;5.25;1.62;3.8;5.5;1.65;3.5;4.6;1.67;3.5;5.5;1.71;3.67;5.9;1.7;3.4;5;1.7;3.6;5.5;55;1.72;1.67;3.8;3.52;5.9;5.2;2.05;3.26;4.32
SP2;02/10/2016;Levante;Valladolid;3;2;H;1;1;D;1.75;3.4;5;1.75;3.5;5;1.7;3.5;4.4;1.83;3.3;4.5;1.87;3.47;4.93;1.85;3.2;4.4;1.8;3.4;5;55;1.87;1.8;3.5;3.31;5;4.64;1.97;3.37;4.52
SP2;02/10/2016;Oviedo;Numancia;2;2;D;1;1;D;2.05;3.1;4;2.15;3.25;3.5;2;3.3;3.3;2.15;3;3.75;2.2;3.19;3.88;2.1;3.1;3.6;2.1;3.2;3.8;55;2.2;2.11;3.3;3.12;4;3.58;2.36;3.23;3.44
SP2;02/10/2016;Tenerife;Getafe;0;0;D;0;0;D;2.15;3.2;3.5;2.15;3.25;3.5;2.1;3.3;3.1;2.15;3;3.6;2.21;3.17;3.9;2.2;3.1;3.3;2.15;3.2;3.7;55;2.21;2.15;3.3;3.09;3.9;3.5;2.07;3.26;4.27
SP2;02/10/2016;UCAM Murcia;Mirandes;2;2;D;1;2;A;2;3.3;3.75;2;3.3;3.9;1.9;3.3;3.7;2;3.2;4;2.06;3.33;4.17;2;3.2;3.75;2;3.25;4.1;53;2.06;1.98;3.34;3.22;4.17;3.85;2.2;3.33;3.69
SP2;02/10/2016;Vallecano;Cadiz;3;0;H;1;0;H;1.73;3.75;4.5;1.72;3.75;4.75;1.7;3.5;4.4;1.73;3.5;5.25;1.74;3.69;5.6;1.7;3.4;5;1.73;3.6;5.4;54;1.74;1.7;3.75;3.51;5.6;4.99;1.73;3.74;5.6
SP2;08/10/2016;Elche;Gimnastic;4;4;D;2;1;H;2;3.1;4.2;1.95;2.95;4;2;3.3;3.3;2.05;3;4;2.12;3.18;4.18;2.05;3;3.8;2.05;3.13;4.1;55;2.12;2.03;3.3;3.09;4.2;3.86;2.44;3.06;3.47
SP2;08/10/2016;Getafe;UCAM Murcia;2;0;H;0;0;D;1.85;3.3;4.5;1.72;3.25;4.75;1.85;3.4;3.8;1.85;3.1;5;1.87;3.32;5.32;1.8;3.1;5;1.85;3.25;5;54;1.88;1.83;3.4;3.18;5.4;4.7;2.26;3.06;3.9
SP2;08/10/2016;Numancia;Cordoba;1;1;D;1;0;H;2.1;3.25;3.6;2.05;3.1;3.4;2.2;3.2;3;2.2;3;3.5;2.28;3.17;3.7;2.15;3.1;3.4;2.2;3.25;3.5;54;2.28;2.17;3.25;3.12;3.73;3.4;2.29;3.13;3.73
SP2;08/10/2016;Reus Deportiu;Tenerife;0;0;D;0;0;D;2.4;3.1;3.1;2.35;2.95;3;2.3;3.2;2.8;2.3;2.9;3.4;2.39;3.06;3.57;2.25;3;3.3;2.3;3.1;3.4;55;2.4;2.27;3.2;3.01;3.57;3.3;2.33;2.99;3.82
SP2;08/10/2016;Sevilla B;Zaragoza;2;1;H;0;0;D;2.88;3.1;2.55;2.65;2.95;2.6;2.6;3;2.6;2.8;3;2.62;2.94;3.15;2.73;2.7;3.1;2.6;2.88;3.13;2.63;55;2.94;2.75;3.2;3.06;2.73;2.6;2.6;2.98;3.27
SP2;08/10/2016;Valladolid;Alcorcon;2;0;H;2;0;H;1.95;3.2;4.2;1.87;3.2;4;1.9;3.3;3.7;1.95;3.1;4.33;2;3.22;4.63;;;;1.95;3.2;4.4;53;2.03;1.96;3.3;3.12;4.63;4.12;2.12;3.15;4.22
SP2;09/10/2016;Almeria;Levante;2;2;D;1;0;H;2.88;3.2;2.45;2.85;3.1;2.35;2.7;3.2;2.4;3;3;2.4;3.21;3.14;2.53;2.88;3;2.5;3.1;3.1;2.5;54;3.21;2.94;3.2;3.05;2.53;2.44;3.33;3.1;2.49
SP2;09/10/2016;Cadiz;Girona;0;0;D;0;0;D;2.75;3.2;2.6;2.5;3.1;2.65;2.4;3.2;2.7;2.8;3;2.62;2.93;3.08;2.78;2.8;3.1;2.5;2.88;3.13;2.63;54;2.93;2.73;3.25;3.06;2.8;2.61;2.93;3.08;2.79
SP2;09/10/2016;Mallorca;Huesca;3;0;H;2;0;H;1.95;3.3;4;2;3.1;3.6;2;3.3;3.3;1.95;3;4.5;1.99;3.19;4.75;2;2.9;4.2;2;3.1;4.4;54;2.04;1.98;3.3;3.06;4.75;4.12;1.96;3.34;4.67
SP2;09/10/2016;Mirandes;Lugo;2;2;D;0;2;A;2.15;3.2;3.5;2.05;3.1;3.4;2.2;3.2;3;2.2;3.2;3.4;2.24;3.36;3.57;2.1;3.2;3.4;2.2;3.3;3.4;54;2.24;2.15;3.36;3.2;3.7;3.33;2.37;3.4;3.25
SP2;09/10/2016;Oviedo;Vallecano;2;0;H;1;0;H;2.6;3.1;2.8;2.65;3;2.6;2.6;3;2.6;2.62;3.1;2.8;2.63;3.23;2.98;2.62;3.2;2.6;2.63;3.2;2.8;54;2.75;2.58;3.4;3.1;2.98;2.73;3.07;3.21;2.58
SP2;15/10/2016;Alcorcon;Almeria;0;0;D;0;0;D;2;3.1;4.2;2;3.2;4.1;1.9;3.3;3.7;2.05;3;4.2;2.09;3.13;4.42;2.1;3;3.75;2.05;3.1;4.2;48;2.1;2.02;3.3;3.06;4.5;3.93;2.22;3.09;4
SP2;15/10/2016;Girona;Oviedo;0;0;D;0;0;D;1.83;3.25;4.75;1.85;3.3;4.6;1.8;3.4;4;1.85;3.4;4.2;1.94;3.26;4.91;1.8;3.3;4.5;1.9;3.3;4.6;48;1.96;1.86;3.4;3.24;4.91;4.35;2.02;3.34;4.32
SP2;15/10/2016;Huesca;Mirandes;3;0;H;1;0;H;2.05;3.3;3.6;2.05;3.2;3.9;2;3.3;3.3;2.05;3.2;3.75;2.14;3.33;3.88;2.05;3.25;3.5;2.1;3.3;3.7;48;2.14;2.04;3.37;3.22;3.9;3.62;1.97;3.42;4.44
SP2;15/10/2016;Levante;Mallorca;2;1;H;1;1;D;1.73;3.4;5.25;1.78;3.6;4.6;1.85;3.4;3.8;1.8;3.25;5;1.83;3.4;5.48;1.83;3.2;4.5;1.8;3.4;5;49;1.85;1.77;3.6;3.33;5.48;4.77;1.91;3.41;4.79
SP2;15/10/2016;Lugo;Getafe;0;1;A;0;0;D;2.45;3;3.1;2.4;3.1;3.1;2.2;3.2;3;2.5;3.1;2.9;2.6;3.27;3;2.4;3;3;2.5;3.13;3;49;2.6;2.45;3.27;3.06;3.1;2.93;2.28;3.22;3.6
SP2;16/10/2016;Cordoba;Sevilla B;0;1;A;0;0;D;1.75;3.3;5.25;1.8;3.4;4.75;1.8;3.4;4;1.8;3.3;5;1.85;3.41;5.16;1.83;3.25;4.4;1.75;3.4;5.2;48;1.85;1.78;3.5;3.34;5.3;4.61;2.01;3.35;4.36
SP2;16/10/2016;Gimnastic;Valladolid;1;2;A;1;1;D;2.4;3;3.2;2.45;3;3.1;2.3;3.2;2.8;2.5;2.9;3;2.6;3.1;3.17;2.38;3;3.1;2.5;3.1;3.1;48;2.6;2.44;3.2;3;3.2;2.99;2.52;3.21;3.15
SP2;16/10/2016;Tenerife;Cadiz;1;1;D;0;0;D;2;3.1;4.2;2;3.1;4.2;1.9;3.3;3.7;2;3;4.33;2.03;3.12;4.69;2;3;4;2;3.13;4.33;48;2.05;1.98;3.3;3.07;4.69;4.06;1.88;3.43;4.93
SP2;16/10/2016;UCAM Murcia;Reus Deportiu;0;2;A;0;2;A;2.25;3;3.5;2.25;2.95;3.6;2.3;3;2.9;2.3;2.9;3.5;2.35;3.05;3.69;2.25;2.88;3.5;2.3;3;3.6;47;2.35;2.27;3.05;2.93;3.69;3.37;2.1;3.09;4.44
SP2;16/10/2016;Vallecano;Numancia;3;3;D;1;1;D;1.75;3.5;4.75;1.78;3.6;4.6;1.85;3.4;3.8;1.85;3.3;4.5;1.9;3.45;4.77;1.8;3.4;4.33;1.83;3.5;4.6;48;1.9;1.83;3.6;3.34;4.77;4.3;1.8;3.68;5.03
SP2;16/10/2016;Zaragoza;Elche;1;3;A;0;3;A;1.91;3.3;4.2;1.91;3.25;4.33;2;3.3;3.3;1.91;3.2;4.5;1.93;3.29;4.92;1.91;3.25;4;1.93;3.3;4.4;48;2;1.9;3.36;3.23;4.92;4.15;2.09;3.28;4.13
SP2;22/10/2016;Elche;Cordoba;1;1;D;1;0;H;2.38;3;3.2;2.4;3.1;3.1;2.3;3;3;2.4;3;3.25;2.49;3.09;3.34;2.4;3;3;2.4;3.1;3.2;54;2.5;2.36;3.17;3.01;3.34;3.12;2.2;3.25;3.81
SP2;22/10/2016;Getafe;Huesca;1;1;D;0;0;D;2;3.1;4.2;2;3.25;3.9;2;3;3.6;2;3;4.2;2.08;3.14;4.42;2.05;3.1;3.75;2;3.2;4.2;54;2.08;2.01;3.25;3.1;4.42;3.92;1.86;3.41;5.16
SP2;22/10/2016;Numancia;Sevilla B;1;2;A;1;1;D;2.05;3.1;4;2.05;3.1;4;2.1;3;3.4;2;3.1;4;2.06;3.23;4.33;2.05;3.1;3.75;2;3.25;4.1;54;2.1;2.01;3.3;3.13;4.33;3.87;1.85;3.43;5.2
SP2;22/10/2016;Reus Deportiu;Lugo;2;1;H;2;0;H;2.3;2.9;3.5;2.35;3.1;3.2;2.2;2.9;3.2;2.3;2.9;3.4;2.42;3.01;3.59;2.25;3;3.3;2.38;3.1;3.3;54;2.42;2.3;3.1;2.97;3.59;3.29;2.19;3.18;3.94
SP2;22/10/2016;Vallecano;Girona;1;0;H;0;0;D;2.05;3.1;4;2.05;3.2;3.9;2;3.1;3.5;2.05;3.25;3.75;2.1;3.39;3.93;2.05;3.25;3.5;2.05;3.3;3.9;54;2.1;2.04;3.4;3.2;4;3.66;2.21;3.31;3.69
SP2;23/10/2016;Almeria;Gimnastic;3;0;H;1;0;H;2.05;3.2;3.8;2.05;3.2;3.9;2;3.1;3.5;2.15;3;3.75;2.19;3.21;3.89;2;3.2;3.75;2.1;3.2;3.75;54;2.19;2.07;3.25;3.14;4;3.65;2.23;3.29;3.67
SP2;23/10/2016;Cadiz;UCAM Murcia;2;2;D;2;0;H;2.3;3;3.4;2.2;3.1;3.5;2.3;2.9;3.1;2.3;2.9;3.5;2.38;3.03;3.65;2.3;2.88;3.4;2.3;3;3.5;54;2.38;2.28;3.1;2.93;3.65;3.36;2.46;2.98;3.52
SP2;23/10/2016;Mallorca;Alcorcon;1;0;H;0;0;D;2;2.9;4.5;2;3.1;4.25;2;3;3.6;2;2.9;4.5;2.05;3.05;4.66;2;2.9;4.2;2;3.1;4.4;54;2.1;2.01;3.1;2.98;4.66;4.13;2.09;3.05;4.57
SP2;23/10/2016;Mirandes;Levante;0;3;A;0;1;A;3.6;3;2.2;3.3;3.2;2.25;3;3.2;2.2;3.25;3.3;2.2;3.43;3.4;2.27;3.2;3.2;2.2;3.25;3.4;2.25;54;3.6;3.23;3.4;3.19;2.27;2.21;3.15;3.37;2.44
SP2;23/10/2016;Oviedo;Tenerife;2;0;H;1;0;H;2.1;3.1;3.8;2.3;3.1;3.3;2.2;3;3.2;2.25;3;3.5;2.31;3.11;3.7;2.2;3.1;3.3;2.25;3.13;3.5;54;2.31;2.2;3.25;3.06;3.8;3.39;2.18;3.21;3.91
SP2;23/10/2016;Valladolid;Zaragoza;0;0;D;0;0;D;2;3.1;4.2;1.95;3.4;3.9;1.9;3.2;3.8;1.95;3.1;4.2;2.02;3.25;4.5;2;3.2;3.75;1.95;3.4;4.1;54;2.02;1.97;3.4;3.2;4.5;3.92;2.07;3.25;4.27
SP2;29/10/2016;Cordoba;Valladolid;1;1;D;1;1;D;2.2;3;3.6;2.2;3;3.7;2.2;3.2;3;2.25;3;3.5;2.3;3.18;3.62;2.1;3.1;3.6;2.25;3.2;3.5;55;2.3;2.2;3.2;3.08;3.7;3.39;2.42;3.18;3.36
SP2;29/10/2016;Huesca;Reus Deportiu;2;1;H;0;1;A;2.1;3.1;3.75;2.15;3;3.8;2.1;3.1;3.3;2.15;3;3.75;2.21;3.13;3.94;2.15;3.1;3.4;2.2;3.13;3.7;54;2.21;2.14;3.15;3.07;3.94;3.57;2.17;3.23;3.91
SP2;29/10/2016;Tenerife;Vallecano;3;2;H;2;1;H;2.25;3.2;3.3;2.25;3.2;3.3;2.4;3.2;2.7;2.3;3.1;3.25;2.36;3.27;3.39;2.3;3.1;3.1;2.3;3.2;3.3;55;2.45;2.29;3.27;3.1;3.39;3.17;2.12;3.28;4.04
SP2;29/10/2016;Zaragoza;Almeria;2;1;H;1;0;H;2;3.2;4;2;3.25;3.9;2.1;3.1;3.3;2;3.25;3.8;2.03;3.43;4.13;2.05;3.2;3.6;2.05;3.3;3.9;55;2.1;2.01;3.43;3.23;4.13;3.74;2.16;3.34;3.79
SP2;30/10/2016;Alcorcon;Mirandes;1;0;H;0;0;D;1.91;3.4;4;1.95;3.1;4.4;1.9;3.3;3.7;1.85;3.2;4.5;1.93;3.37;4.76;1.91;3.1;4.2;1.9;3.3;4.5;55;1.96;1.89;3.4;3.22;4.76;4.22;1.94;3.58;4.35
SP2;30/10/2016;Gimnastic;Mallorca;2;2;D;1;0;H;2.5;3;3;2.5;2.95;3.1;2.6;3;2.6;2.62;3;2.9;2.74;3.08;2.99;2.4;3;3;2.7;3;2.9;55;2.74;2.55;3.08;2.98;3.1;2.88;2.85;3.17;2.79
SP2;30/10/2016;Girona;Numancia;3;0;H;3;0;H;1.95;3.2;4.2;1.95;3.25;4.25;1.9;3.3;3.7;1.91;3.1;4.33;1.97;3.29;4.59;2;3.2;3.75;1.93;3.3;4.4;55;2;1.92;3.35;3.23;4.59;4.09;1.88;3.39;5.1
SP2;30/10/2016;Levante;Getafe;1;1;D;1;1;D;1.8;3.3;4.75;1.8;3.3;5;1.8;3.4;4;1.85;3.3;4.5;1.88;3.46;4.93;1.91;3.25;4;1.85;3.4;4.6;55;1.91;1.83;3.46;3.31;5;4.4;1.96;3.38;4.55
SP2;30/10/2016;Lugo;Cadiz;0;1;A;0;0;D;2;3.3;3.8;1.91;3.3;4.25;2;3.3;3.3;1.95;3.3;4;1.98;3.44;4.35;2;3.2;3.75;1.95;3.3;4.2;55;2.03;1.95;3.44;3.25;4.35;3.92;2.02;3.48;4.12
SP2;30/10/2016;Sevilla B;Elche;2;0;H;0;0;D;2.45;3;3.1;2.4;3;3.2;2.4;3;2.8;2.4;3;3;2.54;3.2;3.11;2.38;3.1;3;2.45;3.13;3.1;55;2.54;2.42;3.2;3.06;3.2;2.99;2.28;3.36;3.46
SP2;30/10/2016;UCAM Murcia;Oviedo;0;1;A;0;1;A;2.3;3;3.4;2.3;3;3.4;2.3;3;2.9;2.38;2.9;3.3;2.44;3.07;3.45;2.25;3;3.3;2.38;3;3.4;53;2.44;2.29;3.1;2.99;3.45;3.27;2.35;3.1;3.62
SP2;05/11/2016;Cadiz;Huesca;1;0;H;0;0;D;2.1;3.1;3.75;2.15;3.1;3.7;2;3.3;3.3;2.15;3;3.6;2.22;3.19;3.83;2.25;3;3.3;2.1;3.2;3.9;52;2.22;2.12;3.3;3.09;3.9;3.57;2.25;3.18;3.74
SP2;05/11/2016;Girona;Tenerife;1;1;D;1;1;D;1.85;3.2;4.75;1.91;3.2;4.4;1.9;3.3;3.7;1.85;3.25;4.5;1.93;3.39;4.69;2;3.2;3.8;1.9;3.3;4.6;51;1.93;1.88;3.39;3.22;4.75;4.29;1.83;3.43;5.36
SP2;05/11/2016;Mallorca;Zaragoza;2;2;D;0;1;A;1.95;3.2;4.2;1.95;3.2;4.25;1.9;3.3;3.7;1.95;3.1;4.2;2;3.31;4.48;2.15;3.1;3.4;2;3.25;4.2;52;2.05;1.97;3.31;3.18;4.48;3.92;1.95;3.34;4.7
SP2;05/11/2016;Valladolid;Sevilla B;2;0;H;0;0;D;1.83;3.1;5;1.85;3.2;4.75;1.8;3.4;4;1.85;3.25;4.5;1.88;3.43;4.93;1.85;3.25;4.33;1.87;3.4;4.5;52;1.9;1.83;3.43;3.3;5;4.38;1.95;3.42;4.55
SP2;05/11/2016;Vallecano;UCAM Murcia;0;1;A;0;0;D;1.8;3.25;5;1.85;3.3;4.6;1.85;3.4;3.8;1.85;3.3;4.5;1.89;3.47;4.79;1.91;3.25;4;1.83;3.4;4.75;49;1.9;1.83;3.47;3.29;5;4.42;2.24;3.26;3.69
SP2;06/11/2016;Almeria;Cordoba;3;1;H;3;1;H;2.25;3.2;3.2;2.25;3.2;3.3;2.2;3.2;3;2.2;3.1;3.4;2.25;3.26;3.64;2.3;3.1;3.1;2.25;3.2;3.4;51;2.3;2.22;3.26;3.12;3.64;3.3;2.38;3.21;3.42
SP2;06/11/2016;Getafe;Alcorcon;1;0;H;0;0;D;1.85;3.3;4.5;1.91;3.2;4.5;1.9;3.3;3.7;1.85;3.1;5;1.88;3.26;5.38;2.05;3.1;3.75;1.85;3.13;5.2;51;2;1.86;3.3;3.12;5.38;4.59;1.92;3.23;5.18
SP2;06/11/2016;Mirandes;Gimnastic;0;1;A;0;0;D;2.05;3.2;3.8;2.05;3.2;3.9;2.1;3.3;3.1;2.1;3.25;3.5;2.19;3.39;3.65;2.1;3.25;3.4;2.15;3.3;3.6;51;2.19;2.07;3.39;3.26;3.9;3.49;2.23;3.45;3.49
SP2;06/11/2016;Numancia;Elche;2;2;D;2;0;H;2;3.2;4;2.05;3.1;4;2;3.3;3.3;2;3.2;3.8;2.07;3.35;4.09;2.1;3.2;3.4;2.05;3.3;3.9;51;2.07;2.01;3.35;3.21;4.09;3.74;2.03;3.44;4.22
SP2;06/11/2016;Oviedo;Lugo;1;1;D;0;1;A;2.05;3.25;3.75;2.05;3.2;3.9;2;3.3;3.3;2;3.1;4;2.07;3.23;4.29;2.05;3.2;3.6;2.05;3.25;4;51;2.08;2.02;3.3;3.15;4.29;3.77;2.28;3.31;3.53
SP2;06/11/2016;Reus Deportiu;Levante;0;1;A;0;0;D;3;3;2.5;3;3;2.55;2.8;3;2.4;2.9;3;2.5;3.1;3.16;2.59;2.75;3;2.6;3;3;2.6;51;3.1;2.93;3.16;3;2.6;2.48;2.96;3.09;2.75
SP2;11/11/2016;Cordoba;Mallorca;0;2;A;0;0;D;2.25;3.2;3.3;2.3;3;3.4;2.4;3.2;2.7;2.3;2.9;3.4;2.42;2.98;3.62;2.3;3.1;3.1;2.3;3.13;3.4;53;2.42;2.32;3.2;3.02;3.62;3.23;2.48;3.22;3.21
SP2;12/11/2016;Alcorcon;Reus Deportiu;1;0;H;0;0;D;2.15;3;3.75;2.15;3.1;3.7;2.2;3.2;3;2.25;2.9;3.6;2.29;3;3.92;2.25;3;3.3;2.25;3;3.7;53;2.32;2.22;3.2;2.96;3.92;3.5;2.25;2.94;4.17
SP2;12/11/2016;Elche;Valladolid;2;0;H;1;0;H;2.5;3;3;2.5;3.1;3;2.5;3.2;2.6;2.6;3;2.88;2.67;3.18;2.98;2.5;3.1;2.8;2.6;3.13;2.9;53;2.67;2.52;3.2;3.05;3;2.84;2.47;3.17;3.29
SP2;12/11/2016;Gimnastic;Getafe;1;0;H;1;0;H;2.75;3;2.7;2.95;2.95;2.65;2.6;3;2.6;2.8;2.9;2.7;2.93;3.06;2.79;2.75;2.9;2.7;2.8;3;2.8;53;2.93;2.78;3.06;2.95;2.8;2.65;2.82;3.13;2.84
SP2;12/11/2016;Huesca;Oviedo;4;0;H;3;0;H;2.25;3.1;3.4;2.2;3.2;3.4;2.2;3.2;3;2.3;2.9;3.5;2.42;3;3.59;2.2;3.1;3.3;2.25;3.1;3.5;53;2.42;2.26;3.2;2.98;3.6;3.35;2.52;2.99;3.4
SP2;12/11/2016;Levante;Cadiz;0;0;D;0;0;D;1.62;3.6;6;1.62;3.6;6;1.65;3.5;4.6;1.62;3.6;6;1.65;3.75;6.54;1.65;3.4;5.5;1.62;3.7;6.25;53;1.67;1.61;3.75;3.58;6.54;5.65;1.74;3.64;5.67
SP2;12/11/2016;Tenerife;Numancia;1;1;D;1;0;H;2;3.1;4.2;2.05;3.1;4;2.1;3.3;3.1;2;3.1;4.2;2.05;3.26;4.33;2;3;4;2;3.25;4.1;53;2.1;1.99;3.3;3.15;4.33;3.92;2.12;3.29;4.02
SP2;13/11/2016;Lugo;Vallecano;1;0;H;1;0;H;2.38;3.1;3.1;2.4;3.1;3.1;2.4;3.2;2.7;2.4;3.25;2.9;2.52;3.4;3.04;2.3;3.2;3;2.38;3.25;3.1;52;2.52;2.37;3.4;3.18;3.2;2.95;2.73;3.24;2.86
SP2;13/11/2016;Sevilla B;Almeria;1;0;H;1;0;H;2.5;3;3;2.5;3.1;3;2.1;3.3;3.1;2.5;3;2.9;2.63;3.17;3.05;2.5;3.1;2.8;2.6;3.13;2.9;52;2.63;2.47;3.3;3.08;3.15;2.89;2.28;3.23;3.62
SP2;13/11/2016;UCAM Murcia;Girona;0;1;A;0;0;D;2.7;2.88;2.9;2.6;2.9;3;2.6;3;2.6;2.7;2.9;2.88;2.83;2.99;2.97;2.5;3;2.88;2.7;3;2.88;50;2.83;2.63;3;2.91;3;2.83;2.37;3.04;3.66
SP2;13/11/2016;Zaragoza;Mirandes;2;0;H;2;0;H;1.75;3.5;4.75;1.8;3.5;4.6;1.75;3.4;4.3;1.8;3.5;4.5;1.81;3.69;4.94;1.8;3.4;4.33;1.8;3.6;4.6;52;1.82;1.78;3.69;3.48;4.94;4.43;1.95;3.54;4.33
SP2;18/11/2016;Almeria;Elche;2;1;H;1;1;D;2;3.4;3.75;2.05;3.3;3.7;2.1;3.3;3.1;1.95;3.2;4;2.02;3.37;4.28;2.1;3.2;3.4;2;3.3;4;50;2.1;1.99;3.41;3.27;4.28;3.8;2.02;3.39;4.25
SP2;19/11/2016;Girona;Lugo;3;1;H;2;1;H;1.73;3.8;4.5;1.8;3.5;4.5;1.8;3.4;4;1.8;3.4;4.75;1.83;3.53;5.12;1.75;3.5;4.5;1.8;3.5;4.75;50;1.83;1.77;3.8;3.46;5.12;4.53;1.79;3.67;5.15
SP2;19/11/2016;Mallorca;Sevilla B;2;2;D;0;2;A;1.83;3.5;4.33;1.85;3.4;4.5;1.9;3.3;3.7;1.85;3.25;4.5;1.9;3.42;4.82;1.83;3.2;4.5;1.87;3.4;4.6;50;1.91;1.85;3.5;3.28;4.82;4.34;1.85;3.48;5.05
SP2;19/11/2016;Numancia;Valladolid;2;1;H;1;0;H;2.3;3.3;3.1;2.35;3.3;3;2.3;3.2;2.8;2.3;3;3.3;2.4;3.14;3.44;2.3;3.1;3.1;2.38;3.13;3.25;50;2.4;2.31;3.3;3.07;3.44;3.16;2.39;3.18;3.42
SP2;19/11/2016;Oviedo;Levante;2;0;H;0;0;D;2.75;3;2.75;2.95;3;2.55;2.6;3.2;2.5;2.8;2.9;2.7;2.93;3.1;2.78;2.75;3;2.6;2.88;3;2.7;50;2.95;2.76;3.2;2.98;2.78;2.64;2.94;3.06;2.8
SP2;20/11/2016;Cadiz;Alcorcon;4;1;H;0;1;A;2.3;3.1;3.3;2.2;3.1;3.5;2.2;3.2;3;2.3;2.9;3.4;2.41;3.03;3.58;2.3;2.9;3.3;2.38;2.9;3.5;49;2.41;2.29;3.2;2.94;3.58;3.35;2.57;3.06;3.23
SP2;20/11/2016;Getafe;Zaragoza;1;0;H;0;0;D;1.85;3.4;4.33;1.95;3.4;4;1.9;3.3;3.7;1.91;3.3;4.2;1.95;3.45;4.48;1.95;3.3;3.8;1.91;3.4;4.33;49;1.97;1.91;3.45;3.3;4.48;4.05;2;3.25;4.61
SP2;20/11/2016;Mirandes;Cordoba;1;1;D;1;0;H;2.5;3.3;2.75;2.5;3.1;2.95;2.5;3.2;2.6;2.5;3.1;2.8;2.61;3.27;2.97;2.6;3.1;2.7;2.55;3.2;2.88;49;2.61;2.51;3.3;3.12;2.97;2.81;2.67;3.25;2.92
SP2;20/11/2016;Reus Deportiu;Gimnastic;1;0;H;0;0;D;2.05;3.1;4;2.1;3.2;3.75;2;3.3;3.3;2;3;4.2;2.04;3.23;4.41;2.05;3.1;3.75;2.05;3.13;4.1;49;2.1;2.02;3.3;3.12;4.41;3.87;2.37;3.02;3.68
SP2;20/11/2016;Tenerife;UCAM Murcia;2;1;H;2;1;H;2.1;3.25;3.6;2.15;3.2;3.6;2.2;3.2;3;2.2;3;3.6;2.26;3.11;3.83;2.2;2.9;3.6;2.2;3;3.75;47;2.26;2.15;3.25;3.05;3.83;3.54;2.11;3.17;4.24
SP2;20/11/2016;Vallecano;Huesca;2;2;D;1;1;D;1.75;3.6;4.6;1.83;3.4;4.6;1.85;3.4;3.8;1.75;3.4;4.75;1.76;3.69;5.35;1.85;3.3;4.2;1.75;3.6;5;49;1.85;1.77;3.69;3.46;5.35;4.53;1.83;3.75;4.75
SP2;25/11/2016;Gimnastic;Cadiz;1;0;H;0;0;D;2.38;3;3.25;2.4;3;3.2;2.2;3.2;3;2.4;2.88;3.3;2.48;3;3.45;2.4;3;3;2.45;3.1;3.13;48;2.48;2.38;3.2;2.97;3.45;3.16;2.27;3.11;3.8
SP2;26/11/2016;Alcorcon;Oviedo;5;1;H;2;0;H;2.2;3;3.6;2.2;3;3.7;2.2;3;3.2;2.25;2.9;3.6;2.32;3.05;3.76;2.2;2.9;3.6;2.25;3;3.7;50;2.35;2.21;3.05;2.94;3.76;3.53;2.15;3.07;4.29
SP2;26/11/2016;Lugo;Tenerife;1;3;A;1;1;D;2.2;3.1;3.5;2.2;3.1;3.5;2.2;3.2;3;2.25;3;3.6;2.3;3.1;3.73;2.2;3.1;3.3;2.2;3.2;3.5;50;2.3;2.2;3.2;3.07;3.73;3.38;2.34;3.21;3.49
SP2;26/11/2016;UCAM Murcia;Numancia;3;2;H;0;1;A;2.2;3.1;3.5;2.15;3.1;3.7;2.2;3.2;3;2.2;2.9;3.75;2.3;3;3.89;2.2;3.1;3.3;2.2;3.1;3.6;48;2.3;2.19;3.2;3.02;3.89;3.47;2.21;3.09;4.01
SP2;26/11/2016;Valladolid;Almeria;0;0;D;0;0;D;2.05;3.2;3.8;2;3.2;4;2;3.3;3.3;2;3.1;4.2;2.05;3.22;4.4;2.05;3.2;3.6;2;3.3;4.1;50;2.07;2;3.3;3.17;4.4;3.86;1.92;3.44;4.72
SP2;26/11/2016;Zaragoza;Reus Deportiu;2;2;D;1;0;H;1.91;3.2;4.33;1.95;3.2;4.33;1.9;3.3;3.7;1.95;3;4.5;2;3.2;4.72;2;3;4;2;3.2;4.3;50;2.01;1.94;3.3;3.14;4.72;4.14;2.22;3.06;4.03
SP2;27/11/2016;Cordoba;Getafe;1;3;A;0;1;A;2.4;3;3.2;2.4;2.95;3.25;2.3;3;3;2.5;2.8;3.25;2.62;2.93;3.33;2.3;3;3.2;2.5;3;3.13;50;2.62;2.41;3.03;2.92;3.33;3.14;2.48;3;3.46
SP2;27/11/2016;Elche;Mallorca;1;0;H;0;0;D;2.45;3;3.1;2.6;2.95;2.95;2.5;3.2;2.6;2.6;2.9;3;2.73;2.9;3.18;2.5;3.1;2.8;2.55;3.1;3;50;2.73;2.52;3.2;2.96;3.18;2.93;2.59;3.02;3.25
SP2;27/11/2016;Huesca;Girona;1;2;A;1;2;A;2.75;3;2.7;2.8;2.95;2.75;2.6;3;2.6;2.9;2.88;2.7;3.07;2.92;2.82;2.8;3.1;2.5;2.9;3;2.7;50;3.07;2.8;3.1;2.91;2.82;2.66;2.73;3;3.07
SP2;27/11/2016;Sevilla B;Mirandes;1;0;H;1;0;H;1.91;3.1;4.5;1.9;3.25;4.4;1.9;3.3;3.7;1.95;3.3;4;1.99;3.46;4.27;1.95;3.3;3.8;1.95;3.4;4;50;1.99;1.93;3.46;3.32;4.5;3.91;2;3.36;4.4
SP2;02/12/2016;Getafe;Sevilla B;2;0;H;1;0;H;1.73;3.2;5.75;1.7;3.4;5.5;1.85;3.3;3.9;1.73;3.3;5.5;1.75;3.5;6.02;1.62;3.5;5.5;1.7;3.5;5.75;47;1.85;1.7;3.5;3.36;6.02;5.35;1.72;3.62;5.99
SP2;03/12/2016;Cadiz;Zaragoza;3;0;H;1;0;H;2.15;3.1;3.6;2.15;3.1;3.7;2.2;3.2;3;2.25;3;3.5;2.31;3.11;3.69;2.2;3.1;3.3;2.25;3.1;3.5;47;2.31;2.21;3.2;3.04;3.7;3.39;2.4;3.1;3.49
SP2;03/12/2016;Mirandes;Elche;1;0;H;1;0;H;2.3;3.1;3.2;2.35;3.1;3.25;2.2;3.2;3;2.38;3.2;3.1;2.45;3.32;3.18;2.38;3.1;3;2.38;3.25;3.13;47;2.45;2.33;3.32;3.15;3.25;3.04;2.4;3.29;3.29
SP2;03/12/2016;Numancia;Almeria;1;0;H;1;0;H;2.05;3.3;3.6;2.05;3.3;3.7;2;3.3;3.3;2.05;3.1;4;2.1;3.25;4.11;2.05;3.2;3.6;2.05;3.3;3.9;47;2.1;2.04;3.35;3.2;4.11;3.67;2.12;3.32;3.97
SP2;03/12/2016;UCAM Murcia;Lugo;1;2;A;1;1;D;2;3.3;3.8;2;3.3;3.9;2;3.3;3.3;2.05;3.1;3.8;2.11;3.24;4.12;2;3.2;3.8;2.05;3.25;3.9;46;2.11;2.02;3.3;3.17;4.2;3.76;2.1;3.27;4.11
SP2;04/12/2016;Girona;Levante;2;1;H;1;0;H;2.1;3.2;3.6;2.1;3.2;3.7;2;3.3;3.3;2.2;3;3.6;2.27;3.14;3.75;2.1;3.1;3.6;2.2;3.13;3.6;47;2.27;2.15;3.3;3.09;3.75;3.48;2.08;3.3;4.17
SP2;04/12/2016;Mallorca;Valladolid;0;3;A;0;0;D;2.1;3.1;3.8;2.1;3;3.7;2.2;3.2;3;2.15;2.9;3.8;2.23;3.05;4.02;2.15;3.1;3.4;2.2;3.1;3.7;47;2.24;2.15;3.2;3.03;4.02;3.57;2.29;3;3.93
SP2;04/12/2016;Oviedo;Gimnastic;1;0;H;1;0;H;1.95;3.3;4.33;1.95;3.25;4.2;2;3.3;3.3;1.91;3.1;4.5;1.92;3.32;4.95;1.91;3.1;4.2;1.93;3.3;4.4;47;2;1.92;3.35;3.2;4.95;4.12;2.14;3.18;4.12
SP2;04/12/2016;Reus Deportiu;Cordoba;1;2;A;0;1;A;2.15;3.1;3.6;2.25;3;3.5;2.3;3;3;2.2;2.9;3.6;2.26;3.09;3.86;2.3;3;3.2;2.25;3;3.7;47;2.3;2.2;3.1;2.98;3.86;3.5;2.19;3.02;4.2
SP2;04/12/2016;Tenerife;Huesca;1;1;D;1;0;H;1.85;3.1;5;1.87;3.25;4.6;1.85;3.4;3.8;1.85;3.1;4.75;1.89;3.24;5.18;1.85;3.25;4.33;1.9;3.25;4.75;47;1.91;1.85;3.4;3.21;5.18;4.46;1.9;3.32;5.03
SP2;04/12/2016;Vallecano;Alcorcon;2;0;H;0;0;D;1.85;3.3;4.5;1.91;3.25;4.33;1.9;3.3;3.7;1.85;3.2;4.75;1.87;3.36;5.21;1.91;3.1;4.2;1.87;3.3;4.75;47;1.92;1.85;3.36;3.23;5.21;4.4;2.09;3.21;4.28
SP2;09/12/2016;Sevilla B;Reus Deportiu;0;1;A;0;0;D;2.25;3.1;3.4;2.2;3.1;3.5;2.2;3.2;3;2.3;3;3.3;2.39;3.13;3.48;2.3;2.9;3.3;2.25;3.1;3.5;49;2.39;2.27;3.2;3.02;3.6;3.3;2.37;3.1;3.55
SP2;10/12/2016;Elche;Getafe;2;2;D;0;2;A;2.7;3;2.75;2.6;2.95;2.95;2.6;3;2.6;2.7;3;2.8;2.86;3.06;2.88;2.62;3;2.75;2.75;3;2.8;50;2.86;2.65;3.1;2.98;2.95;2.75;2.79;3.09;2.91
SP2;10/12/2016;Gimnastic;Vallecano;0;1;A;0;0;D;2.8;3;2.7;2.8;3;2.7;2.6;3;2.6;2.75;3;2.7;2.85;3.14;2.81;2.62;3.1;2.62;2.8;3.13;2.7;50;2.85;2.71;3.16;3.04;2.81;2.65;2.97;3.2;2.66
SP2;10/12/2016;Huesca;UCAM Murcia;5;2;H;2;1;H;2.2;3.2;3.4;2.2;3.2;3.4;2.2;3.2;3;2.25;3;3.4;2.33;3.13;3.62;2.25;3.1;3.2;2.3;3.2;3.3;48;2.33;2.23;3.2;3.12;3.62;3.27;2.36;3.06;3.63
SP2;10/12/2016;Levante;Tenerife;1;0;H;0;0;D;1.85;3.3;4.5;1.85;3.3;4.6;1.9;3.3;3.7;1.83;3.25;4.75;1.85;3.38;5.23;1.83;3.25;4.4;1.85;3.3;4.8;50;1.9;1.82;3.38;3.28;5.23;4.53;2.03;3.31;4.37
SP2;11/12/2016;Alcorcon;Girona;2;1;H;2;0;H;2.5;3;3;2.55;3;3;2.6;3;2.6;2.62;2.88;2.9;2.78;2.99;3.03;2.5;2.88;3;2.63;3;3;49;2.78;2.58;3;2.9;3.03;2.9;2.46;2.98;3.54
SP2;11/12/2016;Almeria;Mallorca;2;1;H;1;0;H;2.3;3.1;3.3;2.3;3.1;3.3;2.3;3.2;2.8;2.4;2.9;3.25;2.47;3.08;3.38;2.3;3.1;3.1;2.38;3.1;3.25;50;2.47;2.32;3.2;3.05;3.38;3.16;2.38;3.11;3.52
SP2;11/12/2016;Cordoba;Cadiz;1;3;A;0;0;D;2;3.2;4;2;3.1;4.2;2;3.3;3.3;2.05;3.1;4;2.09;3.24;4.21;2;3.2;3.8;2;3.25;4.1;49;2.09;2.01;3.3;3.15;4.21;3.81;2.17;3.32;3.8
SP2;11/12/2016;Lugo;Numancia;3;1;H;1;1;D;2.25;3.1;3.4;2.25;3.1;3.4;2.2;3.2;3;2.3;3.1;3.25;2.34;3.28;3.41;2.3;3.1;3.1;2.3;3.2;3.3;50;2.34;2.25;3.28;3.13;3.41;3.19;2.15;3.39;3.77
SP2;11/12/2016;Valladolid;Mirandes;5;0;H;2;0;H;1.67;3.6;5.25;1.7;3.4;5.75;1.65;3.5;4.6;1.7;3.5;5.25;1.71;3.69;5.9;1.73;3.5;4.6;1.7;3.6;5.4;50;1.73;1.67;3.69;3.55;5.9;5.09;1.72;3.77;5.61
SP2;11/12/2016;Zaragoza;Oviedo;2;1;H;1;0;H;2.05;3.1;4;2.1;3.1;3.8;2.1;3.3;3.1;2.05;3;3.8;2.14;3.2;4.1;2;3.2;3.75;2.05;3.25;3.9;50;2.14;2.06;3.3;3.12;4.1;3.69;2.03;3.19;4.55
SP2;14/12/2016;Levante;Vallecano;1;0;H;1;0;H;2;3.3;3.8;1.95;3.3;3.75;1.9;3.3;3.7;2;3.3;3.75;;;;2.05;3.2;3.6;2.05;3.3;3.9;42;2.1;2.01;3.4;3.26;4.12;3.67;;;
SP2;16/12/2016;Reus Deportiu;Elche;0;1;A;0;0;D;2;3.2;4;2;3.2;4.1;2;3.1;3.5;2.05;3;4;2.12;3.15;4.24;2;3;4;2.05;3.13;4.1;50;2.12;2.04;3.2;3.07;4.29;3.92;2.17;3.21;3.94
SP2;17/12/2016;Getafe;Valladolid;3;1;H;0;0;D;2.1;3.1;3.75;2.15;3.1;3.7;2.2;3;3.2;2.15;3;3.75;2.21;3.17;3.91;2.1;3.1;3.6;2.15;3.2;3.7;47;2.24;2.13;3.2;3.08;3.91;3.56;2.28;3.16;3.7
SP2;17/12/2016;Girona;Gimnastic;4;2;H;1;2;A;1.55;3.4;6.5;1.6;3.5;6.75;1.6;3.4;5.2;1.62;3.5;6;1.66;3.73;6.46;1.62;3.4;6;1.65;3.6;6.25;50;1.66;1.61;3.73;3.54;6.75;5.79;1.67;3.69;6.41
SP2;17/12/2016;Lugo;Huesca;1;1;D;0;1;A;2;3.2;4;2.05;3.2;3.8;2;3.2;3.4;2.1;3.25;3.6;2.19;3.35;3.7;2.05;3.25;3.5;2.1;3.4;3.6;51;2.19;2.06;3.45;3.27;4;3.5;2.32;3.42;3.32
SP2;17/12/2016;Oviedo;Cordoba;1;2;A;0;1;A;2.15;3.3;3.4;2.15;3.25;3.5;2.1;3.1;3.3;2.1;3.1;3.6;2.19;3.26;3.85;2.15;3.1;3.4;2.15;3.2;3.7;51;2.19;2.12;3.3;3.14;3.85;3.48;2.23;3.29;3.67
SP2;17/12/2016;Tenerife;Alcorcon;2;0;H;1;0;H;2;3;3.75;2.1;3.1;3.8;2.1;3.1;3.3;2.1;2.9;4;2.18;3.06;4.19;2.1;3;3.75;2.1;3.1;3.9;50;2.18;2.09;3.1;3.01;4.19;3.77;2.27;3.1;3.82
SP2;18/12/2016;Cadiz;Sevilla B;4;1;H;1;0;H;2.05;3.25;3.75;2.05;3.2;3.8;2.1;3.1;3.3;2.05;3.1;3.8;2.13;3.27;4;2.05;3.1;3.75;2.05;3.2;4;47;2.13;2.05;3.27;3.14;4;3.67;;;
SP2;18/12/2016;Mirandes;Almeria;2;1;H;0;0;D;2.45;3.1;3;2.4;3.2;3;2.5;3;2.7;2.5;3;2.9;2.69;3.08;3.04;2.5;3.1;2.8;2.55;3.2;2.9;50;2.69;2.5;3.28;3.07;3.04;2.85;2.46;3.1;3.36
SP2;18/12/2016;Numancia;Mallorca;3;1;H;2;1;H;2.2;3.1;3.5;2.3;3;3.4;2.2;3;3.2;2.25;2.9;3.5;2.36;3.07;3.65;2.3;3.1;3.1;2.25;3.2;3.4;50;2.36;2.23;3.2;3.05;3.65;3.33;2.46;3.09;3.39
SP2;18/12/2016;Vallecano;Zaragoza;1;2;A;0;0;D;1.95;3.3;4;1.95;3.3;4.1;1.9;3.3;3.7;1.95;3.2;4.2;2.01;3.29;4.47;2;3.2;3.75;2;3.3;4.1;47;2.01;1.96;3.35;3.24;4.47;3.9;;;
SP2;06/01/2017;Almeria;Getafe;0;1;A;0;0;D;2.5;3.1;2.9;2.55;3.2;2.85;2.5;3.2;2.6;2.62;3;2.8;2.71;3.13;2.97;2.4;3;3;2.63;3.13;2.88;49;2.86;2.55;3.2;3.05;3.1;2.85;2.6;3.16;3.09
SP2;06/01/2017;Mallorca;Mirandes;2;0;H;0;0;D;1.7;3.5;5.25;1.65;3.5;6;1.7;3.5;4.4;1.67;3.5;5.75;1.68;3.69;6.28;1.7;3.5;4.8;1.67;3.6;5.75;50;1.78;1.68;3.69;3.51;6.28;5.3;1.78;3.51;5.63
SP2;06/01/2017;Numancia;Huesca;0;0;D;0;0;D;2.1;3.25;3.6;2.15;3.1;3.7;2.1;3.2;3.2;2.1;3.2;3.6;2.15;3.35;3.81;2.1;3.25;3.4;2.15;3.3;3.6;50;2.28;2.1;3.37;3.24;3.81;3.49;2.21;3.38;3.63
SP2;06/01/2017;Valladolid;Reus Deportiu;1;0;H;0;0;D;1.91;3.25;4.33;1.95;3.2;4.33;1.9;3.3;3.7;1.91;3;4.5;1.98;3.21;4.8;2;3;4;1.95;3.2;4.5;50;2.05;1.93;3.3;3.15;4.8;4.28;1.97;3.14;5.03
SP2;07/01/2017;Cordoba;Vallecano;0;0;D;0;0;D;2.5;3.25;2.8;2.6;3.1;2.8;2.5;3.2;2.6;2.62;3;2.9;2.76;3.06;2.99;2.5;3.1;2.8;2.6;3.2;2.8;47;2.76;2.56;3.25;3.07;2.99;2.79;2.64;3.26;2.95
SP2;07/01/2017;Levante;Lugo;1;0;H;0;0;D;1.8;3.4;4.75;1.87;3.4;4.4;1.8;3.4;4;1.83;3.4;4.5;1.88;3.53;4.78;1.8;3.4;4.33;1.83;3.5;4.6;50;1.88;1.82;3.55;3.39;4.96;4.37;1.81;3.48;5.42
SP2;08/01/2017;Alcorcon;UCAM Murcia;0;0;D;0;0;D;2.05;3.1;4;2.05;3.1;4;2;3.3;3.3;2;2.9;4.33;2.05;3.1;4.67;2;3;4;2.05;3.13;4.2;48;2.06;2.01;3.3;3.05;4.67;4.02;2.13;3.01;4.47
SP2;08/01/2017;Elche;Cadiz;2;3;A;1;1;D;2.3;3.1;3.3;2.35;3.1;3.2;2.2;3.2;3;2.3;3.1;3.25;2.36;3.27;3.39;2.25;3.1;3.2;2.3;3.13;3.4;50;2.39;2.27;3.27;3.11;3.4;3.2;2.38;3.2;3.42
SP2;08/01/2017;Gimnastic;Tenerife;1;1;D;0;1;A;2.38;3.1;3.1;2.45;3;3.1;2.3;3.2;2.8;2.4;3;3.2;2.41;3.2;3.36;2.4;3;3;2.45;3.1;3.13;50;2.45;2.37;3.2;3.05;3.37;3.07;2.42;3.07;3.48
SP2;08/01/2017;Sevilla B;Oviedo;5;3;H;3;0;H;2.1;3.2;3.6;2.2;3.1;3.5;2.2;3.2;3;2.15;3;3.6;;;;2.15;3.1;3.4;2.2;3.1;3.7;47;2.25;2.15;3.25;3.09;3.7;3.44;2.3;3.14;3.68
SP2;08/01/2017;Zaragoza;Girona;0;2;A;0;0;D;2.5;3.2;2.88;2.55;3;2.95;2.5;3.2;2.6;2.62;3;2.88;2.67;3.17;2.98;2.5;3.1;2.8;2.63;3.13;2.88;50;2.68;2.52;3.2;3.07;2.98;2.83;2.6;3.28;2.97
SP2;11/01/2017;UCAM Murcia;Levante;0;2;A;0;1;A;3;2.88;2.63;2.65;2.95;2.75;2.7;3;2.5;2.88;2.9;2.62;2.98;3.06;2.75;2.88;3;2.88;2.9;3;2.7;43;3;2.8;3.17;2.97;2.75;2.62;3.2;3.02;2.62
SP2;13/01/2017;Cadiz;Valladolid;0;1;A;0;1;A;2.45;3;3.1;2.55;3;2.95;2.3;3.2;2.8;2.5;2.9;3;2.67;2.99;3.16;2.3;3.1;3.1;2.6;3;3;49;2.67;2.51;3.2;2.97;3.3;2.98;2.63;3.03;3.17
SP2;14/01/2017;Mirandes;Numancia;0;3;A;0;1;A;2.2;3.2;3.4;2.35;3.1;3.2;2.2;3.2;3;2.3;3.1;3.25;2.37;3.24;3.4;2.25;3.2;3.1;2.3;3.3;3.2;47;2.4;2.26;3.33;3.18;3.4;3.16;2.81;3.12;2.88
SP2;14/01/2017;Oviedo;Elche;2;1;H;0;0;D;1.95;3.1;4.33;2;3.1;4.2;2;3.3;3.3;2;3.1;4;2.09;3.2;4.29;2.05;3.1;3.75;2.05;3.2;4.1;47;2.09;2;3.3;3.12;4.33;3.9;2.06;3.33;4.19
SP2;14/01/2017;Tenerife;Zaragoza;1;0;H;0;0;D;2.05;3.1;4;2.15;3;3.8;2.1;3.2;3.2;2.1;3;3.8;2.18;3.16;4;2.05;3.2;3.6;2.1;3.2;3.8;48;2.18;2.09;3.27;3.12;4;3.65;2.06;3.3;4.2
SP2;14/01/2017;UCAM Murcia;Gimnastic;1;1;D;0;1;A;2;3;4.33;2.1;3;4;2;3.3;3.3;2.05;3.1;4;2.12;3.18;4.19;2;3;4;2.05;3.2;4;44;2.12;2.02;3.3;3.11;4.33;3.85;2.2;3.13;3.96
SP2;14/01/2017;Vallecano;Sevilla B;1;1;D;0;1;A;1.67;3.5;5.5;1.65;3.7;5.5;1.65;3.5;4.6;1.62;3.6;5.75;1.65;3.83;6.33;1.62;3.6;5.5;1.65;3.7;5.75;48;1.7;1.63;3.83;3.59;6.33;5.48;1.72;3.77;5.56
SP2;15/01/2017;Getafe;Mallorca;1;1;D;0;1;A;1.91;3.2;4.33;1.95;3.25;4.25;1.9;3.3;3.7;1.95;3.1;4.5;1.98;3.24;4.74;1.91;3.1;4.2;1.93;3.25;4.5;48;1.98;1.92;3.37;3.17;4.74;4.24;1.86;3.33;5.32
SP2;15/01/2017;Girona;Cordoba;2;0;H;1;0;H;1.67;3.4;6;1.65;3.5;6;1.65;3.5;4.6;1.67;3.5;5.5;1.7;3.65;6.16;1.67;3.6;5;1.67;3.7;5.5;47;1.73;1.67;3.7;3.52;6.16;5.25;1.61;3.92;6.72
SP2;15/01/2017;Huesca;Levante;0;2;A;0;1;A;2.6;3;2.9;2.65;2.95;2.9;2.6;3;2.6;2.62;3;2.88;2.71;3.12;2.98;2.5;3.1;2.8;2.63;3.1;2.88;48;2.71;2.57;3.12;3;2.98;2.83;2.51;3.11;3.28
SP2;15/01/2017;Lugo;Alcorcon;1;0;H;0;0;D;2.2;3.1;3.5;2.2;3.1;3.5;2.2;3.2;3;2.15;3;3.6;2.26;3.2;3.72;2.15;3.1;3.4;2.2;3.2;3.6;48;2.26;2.15;3.25;3.11;3.72;3.45;2.54;3.12;3.22
SP2;15/01/2017;Reus Deportiu;Almeria;1;0;H;1;0;H;2.05;3.1;4;2.1;3;4;2.1;3.2;3.2;2.1;3;3.8;2.17;3.15;4.07;2.1;3.1;3.6;2.1;3.13;3.9;49;2.17;2.08;3.25;3.08;4.07;3.72;2.21;3.11;3.98
SP2;21/01/2017;Huesca;Alcorcon;0;1;A;0;0;D;2.1;3;4;2.15;3.2;3.6;2.2;3.2;3;2.1;3;3.8;2.15;3.2;4.04;2.15;3;3.4;2.15;3.2;3.7;48;2.2;2.1;3.2;3.09;4.04;3.63;2.3;3.12;3.7
SP2;21/01/2017;Lugo;Gimnastic;2;3;A;1;0;H;2.1;3;4;2.05;3.25;3.75;2;3.3;3.3;2.15;3.25;3.5;2.22;3.36;3.62;2.1;3.1;3.4;2.1;3.3;3.7;49;2.22;2.09;3.36;3.22;4;3.5;2.03;3.44;4.13
SP2;21/01/2017;Oviedo;Valladolid;1;0;H;1;0;H;2.5;2.9;3.1;2.5;3.1;2.95;2.5;3.2;2.6;2.6;3;2.9;2.71;3.09;3.01;2.5;3;2.8;2.6;3.1;2.9;49;2.71;2.54;3.2;2.99;3.1;2.88;2.89;3.06;2.84
SP2;21/01/2017;Tenerife;Cordoba;2;0;H;0;0;D;1.91;3.1;4.5;1.95;3.2;4.33;1.9;3.3;3.7;1.95;3.2;4.2;2;3.33;4.45;2;3.1;3.8;1.95;3.25;4.33;49;2;1.94;3.33;3.17;4.5;4.08;1.93;3.31;4.82
SP2;21/01/2017;UCAM Murcia;Zaragoza;1;0;H;1;0;H;2.2;2.88;3.8;2.35;2.95;3.4;2.3;3.2;2.8;2.3;3;3.4;2.34;3.11;3.61;2.25;3;3.2;2.3;3.1;3.4;46;2.4;2.27;3.2;3.02;3.8;3.3;2.31;3.05;3.78
SP2;21/01/2017;Vallecano;Elche;1;1;D;0;1;A;1.73;3.4;5.25;1.83;3.5;4.4;1.85;3.4;3.8;1.8;3.4;4.5;1.85;3.6;4.79;1.75;3.5;4.33;1.8;3.5;4.75;44;1.85;1.79;3.6;3.44;5.25;4.42;1.68;3.85;5.93
SP2;22/01/2017;Cadiz;Almeria;1;0;H;0;0;D;2.05;3.1;4;2.05;3.2;3.8;2;3.3;3.3;2.05;3.1;3.8;2.13;3.26;4.02;2.1;3.1;3.4;2.1;3.2;3.9;48;2.13;2.05;3.3;3.15;4.02;3.72;2.07;3.3;4.19
SP2;22/01/2017;Getafe;Mirandes;1;1;D;1;0;H;1.57;3.5;7;1.57;3.7;6.5;1.6;3.6;5;1.57;3.6;6;1.59;3.91;7.15;1.57;3.5;6;1.6;3.75;6.25;48;1.6;1.57;3.91;3.66;7.15;6.19;1.53;4.24;7.25
SP2;22/01/2017;Girona;Sevilla B;2;0;H;0;0;D;1.62;3.6;6;1.65;3.5;6;1.65;3.5;4.6;1.62;3.6;5.75;1.67;3.77;6.16;1.65;3.5;5;1.62;3.8;5.75;48;1.7;1.63;3.8;3.58;6.16;5.55;1.57;4.09;6.95
SP2;22/01/2017;Levante;Numancia;1;0;H;1;0;H;1.8;3.3;4.75;1.75;3.4;5.25;1.75;3.4;4.3;1.75;3.4;5.25;1.75;3.59;5.67;1.75;3.4;4.5;1.75;3.4;5.2;47;1.8;1.74;3.59;3.39;5.67;4.94;1.72;3.67;5.84
SP2;22/01/2017;Reus Deportiu;Mallorca;1;1;D;0;1;A;2.05;3;4.1;2.15;3;3.8;2.2;3.2;3;2.15;3;3.75;2.18;3.26;3.84;2.15;3;3.5;2.15;3;3.9;48;2.2;2.12;3.26;3.06;4.1;3.64;2.11;3.12;4.33
SP2;27/01/2017;Elche;Girona;1;0;H;0;0;D;3.1;3.1;2.4;3.1;3;2.45;2.8;3.2;2.3;3;3;2.5;3.12;3.14;2.59;3;3.1;2.3;3;3.1;2.55;50;3.17;2.97;3.2;3.06;2.6;2.46;3.15;3.15;2.56
SP2;28/01/2017;Alcorcon;Levante;2;0;H;2;0;H;2.6;3;2.9;2.8;2.8;2.9;2.6;3;2.6;2.62;2.8;3;2.7;2.96;3.15;2.88;2.8;2.6;2.7;2.9;3;51;2.88;2.64;3;2.87;3.15;2.87;2.8;2.95;3.04
SP2;28/01/2017;Gimnastic;Huesca;0;0;D;0;0;D;2.2;3.1;3.5;2.1;3.2;3.7;2.2;3.2;3;2.1;3.2;3.6;2.16;3.36;3.79;2.1;3.1;3.4;2.15;3.25;3.6;50;2.2;2.13;3.36;3.17;3.82;3.46;2.19;3.23;3.87
SP2;28/01/2017;Mirandes;Reus Deportiu;1;1;D;1;0;H;2.5;3;3;2.65;3;2.85;2.5;3;2.7;2.62;2.9;2.9;2.71;3.08;3.02;2.45;3;2.88;2.63;3.1;2.9;50;2.71;2.55;3.12;2.98;3.02;2.86;2.62;3.1;3.11
SP2;28/01/2017;Sevilla B;Tenerife;0;0;D;0;0;D;2.5;3;3;2.55;3.1;2.9;2.4;3.2;2.7;2.6;3;2.9;2.69;3.1;3.02;2.45;2.88;3;2.6;3.1;2.9;50;2.69;2.52;3.2;3;3.02;2.88;2.58;3.15;3.12
SP2;28/01/2017;Valladolid;Vallecano;2;1;H;0;1;A;2.1;3.2;3.6;2.1;3.25;3.6;2;3.3;3.3;2.05;3.2;3.8;2.1;3.34;4.01;2.15;3.1;3.3;2.05;3.3;3.8;50;2.15;2.06;3.35;3.21;4.01;3.61;2.15;3.24;3.99
SP2;29/01/2017;Almeria;Oviedo;3;0;H;0;0;D;2.2;3;3.6;2.15;3.2;3.5;2.2;3.2;3;2.15;3;3.6;2.21;3.23;3.81;2.15;3.1;3.3;2.2;3.2;3.5;49;2.24;2.15;3.23;3.12;3.81;3.45;2.49;3.15;3.26
SP2;29/01/2017;Cordoba;UCAM Murcia;1;1;D;1;0;H;2.1;3.1;3.8;2.15;3.25;3.5;2.2;3.2;3;2.2;3;3.6;2.25;3.13;3.81;2.2;3;3.3;2.2;3.1;3.7;47;2.25;2.17;3.25;3.05;3.81;3.5;2.05;3.23;4.42
SP2;29/01/2017;Mallorca;Cadiz;0;0;D;0;0;D;2;3.25;3.9;2.05;3.2;3.8;2;3.3;3.3;2.05;3;4;2.09;3.23;4.22;2.15;3;3.4;2.05;3.2;4;49;2.15;2.03;3.3;3.14;4.22;3.78;2.06;3.27;4.25
SP2;29/01/2017;Numancia;Getafe;2;0;H;1;0;H;2.5;3;3;2.6;2.95;2.95;2.5;3;2.7;2.62;2.9;2.9;2.7;3.05;3.06;2.5;3;2.8;2.63;3;3;49;2.7;2.56;3.06;2.95;3.06;2.88;2.5;2.99;3.45
SP2;29/01/2017;Zaragoza;Lugo;1;1;D;0;0;D;2;3.1;4.2;2.05;3.25;3.8;2;3.3;3.3;2;3.1;4;2.05;3.33;4.25;2;3.2;3.6;2.05;3.3;3.9;49;2.07;2;3.33;3.22;4.25;3.79;2.08;3.3;4.16
SP2;03/02/2017;UCAM Murcia;Sevilla B;1;0;H;0;0;D;2.05;3.1;4;2.05;3.1;4;2;3.3;3.3;2;3;4.2;2.06;3.18;4.42;2.05;3;3.75;2;3.13;4.3;46;2.06;2.01;3.3;3.08;4.56;3.98;2.17;3.14;4.07
SP2;04/02/2017;Alcorcon;Numancia;2;3;A;1;1;D;2;3;4.33;2.05;3;4.2;2;3.2;3.4;2;2.9;4.5;2.04;3.02;4.9;2;2.9;4;2.05;3;4.4;49;2.11;2.01;3.2;2.98;4.9;4.21;2.07;3.03;4.71
SP2;04/02/2017;Cadiz;Mirandes;2;1;H;1;1;D;1.73;3.5;5;1.75;3.7;4.6;1.75;3.4;4.3;1.75;3.4;4.75;1.81;3.56;5.17;1.8;3.3;4.33;1.75;3.6;5;49;1.81;1.75;3.7;3.47;5.17;4.67;1.72;3.66;5.84
SP2;04/02/2017;Huesca;Zaragoza;2;3;A;0;0;D;2.2;3.2;3.4;2.2;3.2;3.4;2.1;3.2;3.2;2.2;3;3.5;2.25;3.21;3.71;2.15;3.1;3.3;2.15;3.25;3.6;49;2.25;2.17;3.25;3.14;3.71;3.4;2.21;3.21;3.83
SP2;04/02/2017;Lugo;Cordoba;1;0;H;1;0;H;2;3.3;3.8;2.05;3.3;3.7;2.1;3.2;3.2;2.05;3.2;3.8;2.08;3.33;4.08;2.15;3.1;3.3;2.1;3.3;3.75;49;2.15;2.04;3.35;3.22;4.08;3.66;2.16;3.28;3.88
SP2;04/02/2017;Tenerife;Elche;2;0;H;1;0;H;1.91;3.2;4.33;1.91;3.3;4.25;1.85;3.4;3.8;1.91;3.2;4.5;1.93;3.32;4.83;1.85;3.2;4.2;1.9;3.3;4.5;49;1.98;1.89;3.4;3.23;4.83;4.28;1.78;3.45;5.82
SP2;05/02/2017;Girona;Valladolid;2;1;H;1;0;H;2.05;3.2;3.8;2.15;3.25;3.5;2;3.3;3.3;2.1;3;3.8;2.2;3.14;3.97;2;3.1;3.75;2.1;3.2;3.8;48;2.2;2.1;3.3;3.1;3.97;3.61;2.07;3.25;4.24
SP2;05/02/2017;Levante;Gimnastic;2;1;H;0;0;D;1.57;3.5;7;1.65;3.5;6;1.55;3.7;5.4;1.62;3.5;6;1.66;3.7;6.63;1.7;3.3;5;1.62;3.7;6.25;48;1.7;1.61;3.7;3.54;7;5.84;1.61;3.73;7.25
SP2;05/02/2017;Oviedo;Mallorca;2;1;H;1;1;D;2.3;3.1;3.3;2.25;3.1;3.4;2.2;3.2;3;2.3;3;3.4;2.33;3.15;3.58;2.25;3;3.2;2.3;3.1;3.4;48;2.33;2.25;3.2;3.06;3.58;3.29;2.37;2.92;3.83
SP2;05/02/2017;Reus Deportiu;Getafe;1;1;D;0;1;A;2.6;2.8;3.1;2.6;2.75;3.2;2.5;3;2.7;2.62;2.7;3.2;2.76;2.76;3.31;2.5;2.8;3;2.63;2.9;3.1;47;2.76;2.58;3;2.78;3.31;3.04;2.71;2.88;3.24
SP2;05/02/2017;Vallecano;Almeria;1;0;H;1;0;H;1.75;3.5;4.75;1.8;3.5;4.5;1.8;3.4;4;1.75;3.4;5;1.81;3.54;5.28;1.75;3.5;4.33;1.8;3.5;4.8;48;1.81;1.77;3.55;3.43;5.28;4.55;1.88;3.26;5.4
SP2;10/02/2017;Sevilla B;Lugo;1;1;D;0;0;D;2.25;3.1;3.4;2.3;3.1;3.3;2.2;3.2;3;2.3;3;3.3;2.35;3.19;3.49;2.25;3;3.2;2.3;3.13;3.4;42;2.35;2.27;3.2;3.08;3.59;3.29;2.18;3.25;3.88
SP2;11/02/2017;Almeria;Girona;0;0;D;0;0;D;3.1;3;2.45;2.95;3;2.55;2.9;3;2.4;3;2.9;2.5;3.12;3.07;2.65;2.8;3;2.5;3;3.1;2.55;42;3.12;2.94;3.1;2.98;2.65;2.52;3.16;3.04;2.64
SP2;11/02/2017;Getafe;Cadiz;3;2;H;2;1;H;1.85;3.1;5;1.85;3.1;5;1.9;3.1;3.9;1.85;3.1;4.75;1.92;3.09;5.54;1.85;3.2;4.2;1.9;3.2;4.8;42;1.92;1.86;3.25;3.11;5.54;4.63;2;3.23;4.66
SP2;11/02/2017;Gimnastic;Alcorcon;1;1;D;1;1;D;2.4;2.75;3.5;2.5;2.85;3.25;2.3;3;3;2.4;2.9;3.3;2.49;3.02;3.42;2.38;2.8;3.2;2.4;3;3.3;42;2.5;2.39;3.02;2.89;3.5;3.21;2.91;2.97;2.91
SP2;11/02/2017;Zaragoza;Levante;0;1;A;0;1;A;2.7;3;2.8;2.7;3;2.8;2.6;3;2.6;2.7;3;2.8;2.77;3.08;2.96;2.5;3;2.8;2.7;3.1;2.8;42;2.78;2.64;3.1;2.99;2.96;2.76;2.83;3.07;2.89
SP2;12/02/2017;Cordoba;Huesca;0;2;A;0;0;D;2.05;3.2;3.8;2.2;3.2;3.4;2.1;3.2;3.2;2.15;3.1;3.6;2.21;3.21;3.82;2.1;3.1;3.4;2.2;3.13;3.6;41;2.21;2.13;3.25;3.14;3.82;3.49;2.29;3.15;3.69
SP2;12/02/2017;Elche;UCAM Murcia;1;1;D;1;0;H;2.1;3.2;3.6;2.1;3;4;2;3.1;3.5;2.15;2.9;3.8;2.21;3.1;4;2.05;3.1;3.6;2.15;3.13;3.8;37;2.21;2.11;3.2;3.04;4;3.64;2.17;3.16;4.02
SP2;12/02/2017;Mallorca;Vallecano;2;1;H;2;0;H;2.25;3.1;3.4;2.25;3;3.5;2.3;3;3;2.2;3;3.6;2.27;3.12;3.79;2.25;3;3.2;2.25;3.1;3.5;41;2.3;2.21;3.12;3.03;3.79;3.4;2.19;3.19;3.93
SP2;12/02/2017;Mirandes;Oviedo;0;2;A;0;1;A;2.6;3.1;2.8;2.5;3.2;2.9;2.6;3;2.6;2.6;3;2.9;2.67;3.13;3.02;2.6;3;2.7;2.6;3.2;2.8;41;2.67;2.55;3.2;3.05;3.02;2.81;2.61;3.14;3.09
SP2;12/02/2017;Numancia;Reus Deportiu;1;0;H;1;0;H;2.05;3;4.1;2.1;3.1;3.9;2.1;3.1;3.3;2.05;2.9;4;2.13;3.06;4.37;2.05;3;3.75;2.1;3.1;4;41;2.14;2.07;3.1;3;4.37;3.86;2.01;3.21;4.6
SP2;12/02/2017;Valladolid;Tenerife;0;0;D;0;0;D;1.91;3.2;4.33;1.95;3.1;4.4;2;3.1;3.5;2;3;4.33;1.97;3.16;5.15;1.85;3.2;4.2;1.95;3.2;4.5;41;2;1.93;3.3;3.11;5.15;4.25;1.99;3.12;4.94
SP2;17/02/2017;Lugo;Elche;1;2;A;1;2;A;1.95;3.1;4.33;1.95;3.1;4.1;1.9;3.3;3.7;1.95;3.25;4;2;3.43;4.26;1.95;3.2;3.8;1.95;3.3;4.2;44;2.05;1.96;3.43;3.25;4.33;3.95;2.06;3.29;4.23
SP2;18/02/2017;Gimnastic;Numancia;2;0;H;0;0;D;2.45;3;3.1;2.5;2.95;2.95;2.4;3;2.9;2.5;2.9;3;2.61;3.01;3.24;2.45;3;2.88;2.55;3;3.1;43;2.61;2.48;3.11;2.98;3.24;2.98;2.61;2.96;3.29
SP2;18/02/2017;Girona;Mallorca;1;0;H;0;0;D;1.73;3.5;5;1.75;3.4;4.75;1.75;3.3;4.5;1.75;3.3;5.25;1.78;3.51;5.69;1.75;3.3;4.6;1.75;3.5;5.2;43;1.8;1.74;3.51;3.38;5.69;4.92;1.84;3.3;5.62
SP2;18/02/2017;Levante;Cordoba;3;1;H;1;1;D;1.55;3.75;6.5;1.57;3.5;6.25;1.55;3.6;5.6;1.57;3.6;7;1.56;3.87;8.04;1.6;3.5;5.5;;;;42;1.6;1.54;3.87;3.69;8.04;6.56;1.67;3.76;6.23
SP2;18/02/2017;Tenerife;Almeria;1;0;H;1;0;H;1.83;3.1;5;1.75;3.2;5;1.9;3.2;3.8;1.85;3.2;4.75;1.9;3.32;5.07;1.75;3.25;4.75;1.87;3.3;4.75;43;1.91;1.84;3.32;3.19;5.07;4.57;1.91;3.27;5.13
SP2;18/02/2017;UCAM Murcia;Valladolid;1;3;A;0;2;A;2.7;3;2.8;2.65;2.95;2.75;2.6;2.9;2.7;2.7;2.9;2.8;2.79;3.02;2.99;2.62;2.9;2.75;2.75;3;2.88;40;2.79;2.66;3.05;2.93;2.99;2.79;2.84;3.03;2.92
SP2;19/02/2017;Alcorcon;Zaragoza;1;1;D;0;0;D;1.95;3.2;4.2;2;3;4;1.9;3.1;4;1.95;3.1;4.33;2;3.23;4.64;2;3.1;3.8;1.95;3.2;4.4;43;2.02;1.95;3.25;3.12;4.64;4.16;2.21;3.1;4.02
SP2;19/02/2017;Cadiz;Reus Deportiu;0;0;D;0;0;D;1.91;3.2;4.33;1.9;3.1;4.33;1.9;3.2;3.8;1.95;3.1;4.33;2;3.23;4.65;1.95;3.1;4;1.93;3.25;4.5;43;2;1.93;3.35;3.16;4.65;4.19;2.22;2.97;4.2
SP2;19/02/2017;Huesca;Sevilla B;2;1;H;2;0;H;1.95;3.2;4.2;1.91;3.2;4.1;1.9;3.2;3.8;1.91;3.2;4.33;1.93;3.36;4.73;1.95;3.2;3.8;1.9;3.4;4.33;43;2;1.92;3.45;3.27;4.73;4.08;1.94;3.39;4.64
SP2;19/02/2017;Oviedo;Getafe;2;1;H;1;0;H;2.6;3;2.9;2.4;3;3;2.6;2.9;2.7;2.7;2.9;2.9;2.84;2.93;3.04;2.45;2.9;3;2.7;3;2.9;43;2.84;2.62;3.06;2.91;3.04;2.86;2.48;3.04;3.41
SP2;19/02/2017;Vallecano;Mirandes;1;2;A;0;0;D;1.57;3.6;6.5;1.6;3.5;6;1.55;3.6;5.6;1.57;3.75;6;1.58;4.05;6.94;1.6;3.75;5;1.6;3.9;6;43;1.61;1.57;4.05;3.76;6.94;5.86;1.68;4;5.6
SP2;24/02/2017;Reus Deportiu;Oviedo;1;1;D;1;0;H;2.3;2.8;3.6;2.25;2.85;3.75;2.2;3;3.2;2.25;2.8;3.8;2.36;2.86;3.99;2.25;2.9;3.3;2.38;2.9;3.6;49;2.38;2.28;3;2.82;4.03;3.63;2.34;2.86;4.02
SP2;25/02/2017;Cordoba;Alcorcon;1;0;H;0;0;D;2.5;2.88;3.2;2.4;3;3.25;2.3;3;3;2.5;2.8;3.25;2.63;2.9;3.33;2.38;2.88;3.1;2.5;3;3.13;47;2.63;2.45;3.02;2.88;3.33;3.12;2.73;2.93;3.14
SP2;25/02/2017;Elche;Huesca;1;1;D;0;1;A;2.15;3.1;3.6;2.15;3.1;3.7;2.3;3.2;2.8;2.25;3;3.5;2.36;3.09;3.6;2.1;3.1;3.4;2.2;3.2;3.5;47;2.36;2.21;3.2;3.07;3.7;3.35;2.27;3.22;3.66
SP2;25/02/2017;Getafe;Vallecano;1;0;H;0;0;D;2;3.1;4.2;2.05;3.1;4;2;3.3;3.3;2;3.1;4;2.06;3.24;4.31;2;3.2;3.6;2;3.3;4;47;2.06;1.99;3.3;3.2;4.31;3.86;2.34;3.22;3.48
SP2;25/02/2017;Mallorca;Tenerife;1;4;A;1;0;H;2.05;2.9;4.33;2.1;3.1;3.9;2.1;3.1;3.3;2.1;2.9;3.8;2.18;3.07;4.16;2;3.1;3.75;2.15;3.1;3.8;47;2.23;2.11;3.1;3;4.33;3.75;2.36;3.02;3.69
SP2;25/02/2017;Mirandes;Girona;0;2;A;0;0;D;3.8;3;2.15;3.7;2.95;2.2;3;3.2;2.2;3.3;3.2;2.2;3.56;3.29;2.27;3.2;3;2.25;3.5;3.2;2.25;47;3.8;3.34;3.29;3.1;2.27;2.21;3.62;3.24;2.27
SP2;26/02/2017;Almeria;UCAM Murcia;2;3;A;1;1;D;2.1;3.1;3.8;2;3;4.33;2;3.2;3.5;2.1;2.88;4;2.18;2.99;4.31;2.05;3;3.75;2.1;3.1;4;44;2.18;2.08;3.2;2.97;4.33;3.83;2.09;3.1;4.49
SP2;26/02/2017;Numancia;Cadiz;0;3;A;0;0;D;2.05;2.88;4.33;2.05;2.9;4.33;2.1;3.1;3.3;2.1;2.9;4;2.18;3.04;4.2;2.15;2.9;3.6;2.1;2.9;4.2;47;2.18;2.09;3.2;2.98;4.33;3.82;2.08;3.14;4.42
SP2;26/02/2017;Sevilla B;Levante;1;1;D;0;1;A;3.3;3.1;2.3;3.5;2.95;2.3;3;3;2.3;3.3;3.1;2.25;3.62;3.17;2.31;3;3.1;2.3;3.4;3.1;2.3;47;3.62;3.29;3.17;3.04;2.31;2.26;3.56;3.17;2.33
SP2;26/02/2017;Valladolid;Lugo;1;1;D;1;1;D;1.75;3.2;5.5;1.78;3.3;5.25;1.75;3.4;4.3;1.75;3.25;5;1.79;3.42;5.68;1.8;3.3;4.33;1.8;3.5;5;47;1.83;1.77;3.5;3.31;5.68;4.85;1.81;3.41;5.61
SP2;26/02/2017;Zaragoza;Gimnastic;1;2;A;1;1;D;1.83;3.1;5;1.8;3.2;5.25;1.85;3.4;3.8;1.85;3.2;4.75;1.9;3.34;5.01;1.85;3.2;4.2;1.87;3.3;4.75;47;1.93;1.84;3.4;3.24;5.25;4.49;1.97;3.23;4.78
SP2;03/03/2017;Tenerife;Mirandes;1;1;D;1;1;D;1.57;3.6;6.5;1.55;3.7;6.75;1.55;3.7;5.4;1.55;3.75;6.5;1.56;4.02;7.29;1.6;3.5;5.5;1.57;3.9;6.5;45;1.6;1.55;4.02;3.73;7.31;6.3;1.59;3.91;7.06
SP2;04/03/2017;Alcorcon;Sevilla B;0;0;D;0;0;D;1.83;3.2;4.75;1.87;3.25;4.6;1.85;3.2;4.2;1.85;3.1;5;1.9;3.23;5.24;1.85;3.1;4.4;1.83;3.3;5;46;1.91;1.84;3.3;3.16;5.24;4.64;1.88;3.19;5.63
SP2;04/03/2017;Girona;Getafe;5;1;H;3;0;H;1.85;3.2;4.75;1.85;3.2;4.75;1.85;3.2;4.2;1.85;3.1;4.75;1.9;3.23;5.13;1.85;3.2;4.2;1.9;3.25;4.6;46;1.93;1.87;3.27;3.16;5.13;4.48;1.93;3.26;4.97
SP2;04/03/2017;Oviedo;Cadiz;2;1;H;1;1;D;2.15;3;3.8;2.2;3;3.7;2.2;3;3.2;2.2;2.9;3.75;2.28;3.01;3.93;2.15;3;3.4;2.25;3;3.7;46;2.32;2.19;3.2;2.97;3.93;3.54;2.27;3.02;3.95
SP2;04/03/2017;Vallecano;Reus Deportiu;0;0;D;0;0;D;1.91;3.2;4.33;1.83;3.2;5;1.9;3.2;3.9;1.85;3.1;5;1.89;3.26;5.23;1.91;3;4.33;1.85;3.25;5;46;1.92;1.86;3.27;3.17;5.23;4.54;1.83;3.31;5.69
SP2;05/03/2017;Gimnastic;Cordoba;2;1;H;1;1;D;2.05;3.1;4;2.1;3.1;3.8;2.1;3.1;3.3;2.1;3;3.8;2.16;3.13;4.13;2.15;3;3.4;2.1;3.2;3.8;46;2.16;2.09;3.2;3.06;4.13;3.67;2.21;3.15;3.91
SP2;05/03/2017;Huesca;Valladolid;1;0;H;0;0;D;2.5;3;3;2.4;3;3.25;2.4;3;2.9;2.5;2.9;3.1;2.65;2.99;3.19;2.45;3.1;2.8;2.45;3.1;3.1;46;2.65;2.46;3.12;2.97;3.25;3;2.5;3.06;3.35
SP2;05/03/2017;Levante;Elche;2;1;H;0;1;A;1.67;3.4;5.75;1.7;3.5;5.25;1.7;3.4;4.6;1.7;3.4;5.5;1.75;3.54;5.86;1.7;3.3;5;1.73;3.5;5.5;46;1.78;1.7;3.55;3.41;5.86;5.15;1.96;3.34;4.63
SP2;05/03/2017;Lugo;Almeria;1;2;A;0;1;A;2;3.2;4;1.91;3.25;4.33;2;3.1;3.5;2;3.1;4;2.09;3.24;4.19;2;3.1;3.75;2;3.25;4.1;42;2.09;1.99;3.25;3.16;4.33;3.87;1.95;3.35;4.65
SP2;05/03/2017;UCAM Murcia;Mallorca;1;1;D;0;1;A;2.5;2.8;3.25;2.5;2.8;3.25;2.4;2.9;3;2.5;2.9;3.1;2.64;2.96;3.23;2.45;2.88;3;2.55;2.9;3.2;43;2.68;2.49;2.96;2.87;3.25;3.08;2.54;2.98;3.38
SP2;05/03/2017;Zaragoza;Numancia;3;0;H;2;0;H;2.15;3.1;3.6;2.2;3.1;3.5;2.1;3.1;3.3;2.2;2.9;3.6;2.31;2.98;3.89;2.25;3.1;3.1;2.25;3;3.7;42;2.31;2.2;3.15;3.01;3.89;3.44;2.13;3.27;3.99
SP2;10/03/2017;Elche;Alcorcon;0;0;D;0;0;D;2.2;3.1;3.6;2.3;3;3.4;2.2;3.2;3;2.25;2.9;3.6;2.29;3.04;3.83;2.2;2.88;3.5;2.3;3;3.6;42;2.31;2.24;3.2;2.97;3.83;3.45;2.11;3.18;4.21
SP2;11/03/2017;Cordoba;Zaragoza;2;1;H;0;1;A;2.4;3.1;3.1;2.45;3;3.1;2.3;3;3;2.5;3;2.9;2.65;3.15;3.03;2.45;3;2.88;2.55;3.1;3;43;2.65;2.47;3.15;3.04;3.1;2.91;2.5;3.2;3.21
SP2;11/03/2017;Mallorca;Lugo;1;1;D;0;1;A;1.91;3.1;4.5;2;3.2;4.1;1.9;3.3;3.7;1.95;3.25;4;2.02;3.38;4.28;1.95;3.2;3.8;1.95;3.3;4.3;44;2.02;1.94;3.4;3.22;4.5;3.97;1.93;3.42;4.63
SP2;11/03/2017;Mirandes;UCAM Murcia;1;1;D;0;0;D;2.3;3.1;3.3;2.45;3.2;2.95;2.3;3;3;2.4;2.9;3.25;2.46;3.07;3.41;2.3;3;3.1;2.4;3.1;3.2;41;2.46;2.35;3.2;3.02;3.41;3.11;2.44;3.11;3.41
SP2;11/03/2017;Numancia;Oviedo;0;0;D;0;0;D;2.05;3.1;4;2.1;3;4;2.1;3.1;3.3;2.15;2.9;3.8;2.23;3.01;4.05;2.05;3.1;3.6;2.1;3.2;3.8;44;2.23;2.1;3.2;3.06;4.05;3.68;1.98;3.25;4.75
SP2;11/03/2017;Valladolid;Levante;0;4;A;0;2;A;2.2;3;3.6;2.2;3.1;3.5;2.3;3;3;2.2;3;3.6;2.27;3.09;3.82;2.3;3;3.1;2.2;3.1;3.6;44;2.35;2.21;3.1;3.01;3.82;3.41;2.49;3.11;3.32
SP2;12/03/2017;Almeria;Huesca;0;0;D;0;0;D;2.3;3.1;3.3;2.35;3.1;3.25;2.2;3;3.2;2.3;3;3.3;2.37;3.14;3.51;2.3;3;3.1;2.38;3.1;3.3;43;2.38;2.28;3.14;3.04;3.51;3.23;2.5;3.15;3.25
SP2;12/03/2017;Cadiz;Vallecano;1;0;H;1;0;H;2.3;3;3.4;2.4;3.1;3.1;2.2;3;3.2;2.3;3;3.3;2.36;3.17;3.49;2.25;3.1;3.1;2.38;3.1;3.3;42;2.4;2.27;3.17;3.04;3.49;3.25;2.19;3.2;3.84
SP2;12/03/2017;Getafe;Tenerife;2;2;D;1;0;H;2.2;3.1;3.5;2.25;3;3.5;2.2;3;3.2;2.3;2.9;3.5;2.33;3.1;3.64;2.2;3;3.3;2.3;3.1;3.4;42;2.33;2.23;3.1;3;3.65;3.38;2.14;3.14;4.2
SP2;12/03/2017;Reus Deportiu;Girona;1;2;A;0;0;D;2.75;3.1;2.63;2.85;3;2.65;2.7;2.9;2.6;2.9;2.8;2.7;3.08;2.89;2.83;2.8;2.88;2.6;3;2.9;2.7;43;3.08;2.86;3.1;2.85;2.83;2.63;3.57;3.02;2.42
SP2;12/03/2017;Sevilla B;Gimnastic;2;2;D;0;1;A;2.25;3.1;3.4;2.3;3.1;3.3;2.1;3.1;3.3;2.25;3;3.4;2.35;3.14;3.55;2.2;3;3.3;2.25;3.13;3.5;43;2.4;2.23;3.15;3.04;3.55;3.33;2.34;3.1;3.62
SP2;17/03/2017;Gimnastic;Elche;1;3;A;0;3;A;2.25;3;3.5;2.25;3.1;3.4;2.3;3;3;2.25;3;3.4;2.31;3.19;3.59;2.25;3;3.2;2.25;3.2;3.4;42;2.32;2.24;3.25;3.06;3.65;3.31;2.4;3.19;3.39
SP2;18/03/2017;Cordoba;Numancia;0;0;D;0;0;D;2.38;3;3.25;2.45;3;3.1;2.5;3;2.8;2.4;3;3.1;2.48;3.18;3.25;2.3;3.1;3;2.45;3.13;3.13;44;2.5;2.38;3.2;3.06;3.33;3.04;2.29;3.25;3.57
SP2;18/03/2017;Huesca;Mallorca;2;1;H;0;0;D;2.1;3.1;3.75;2.1;3.1;3.9;2.1;3.1;3.3;2.15;3.1;3.6;2.2;3.23;3.83;2.1;3;3.6;2.15;3.2;3.7;44;2.22;2.1;3.25;3.12;3.9;3.58;2.22;3.25;3.74
SP2;18/03/2017;Lugo;Mirandes;2;1;H;0;0;D;1.8;3.3;4.75;1.78;3.4;5;1.75;3.3;4.5;1.75;3.3;5;1.81;3.52;5.28;1.8;3.3;4.33;1.8;3.4;5;44;1.81;1.76;3.52;3.37;5.28;4.72;1.82;3.58;5.1
SP2;18/03/2017;UCAM Murcia;Getafe;2;0;H;2;0;H;2.5;3;3;2.65;3.1;2.8;2.55;3;2.7;2.62;2.9;2.9;2.74;2.98;3.08;2.5;2.9;2.9;2.63;3;3;42;2.74;2.56;3.1;2.92;3.08;2.91;2.67;3.04;3.12
SP2;18/03/2017;Zaragoza;Sevilla B;1;2;A;0;1;A;1.91;3.1;4.5;1.91;3.1;4.6;2;3.1;3.5;1.91;3.2;4.33;1.95;3.3;4.75;1.95;3.2;3.8;1.93;3.3;4.4;44;2.01;1.92;3.35;3.2;4.75;4.13;1.93;3.51;4.52
SP2;19/03/2017;Alcorcon;Valladolid;1;2;A;1;2;A;2.45;3;3.1;2.5;2.9;3.2;2.4;2.9;3;2.4;2.88;3.3;2.53;2.96;3.43;2.45;2.88;3;2.45;3;3.25;43;2.53;2.41;3;2.89;3.43;3.16;2.53;2.89;3.51
SP2;19/03/2017;Girona;Cadiz;1;2;A;0;2;A;1.73;3.5;5;1.83;3.25;4.75;1.75;3.4;4.3;1.75;3.3;5;1.83;3.45;5.32;1.75;3.25;4.75;1.75;3.5;5.2;43;1.83;1.75;3.5;3.32;5.32;4.81;1.8;3.54;5.37
SP2;19/03/2017;Levante;Almeria;1;0;H;1;0;H;1.57;3.8;6;1.6;3.9;5.75;1.6;3.5;5.2;1.62;3.5;6;1.62;3.75;7.19;1.57;3.5;5.5;1.62;3.7;6.25;43;1.63;1.58;3.9;3.61;7.19;5.87;1.69;3.83;5.83
SP2;19/03/2017;Tenerife;Reus Deportiu;0;1;A;0;1;A;1.8;3.2;5;1.85;3.25;4.75;1.85;3.2;4.1;1.8;3;5.5;1.85;3.21;5.79;1.83;3;4.75;1.83;3.2;5.2;43;1.87;1.81;3.25;3.12;5.79;4.85;1.79;3.33;6
SP2;19/03/2017;Vallecano;Oviedo;2;0;H;1;0;H;1.95;3.1;4.33;2.05;3.1;4;2.1;3.1;3.3;2;3.1;4.2;2.03;3.24;4.47;2;3.1;3.75;2;3.25;4.1;42;2.1;1.98;3.25;3.12;4.47;3.93;1.99;3.51;4.21
SP2;25/03/2017;Almeria;Alcorcon;3;1;H;1;0;H;2.25;3;3.5;2.3;2.95;3.5;2.3;3;3;2.3;2.88;3.5;2.41;2.97;3.65;2.2;2.88;3.5;2.3;3;3.5;45;2.41;2.27;3;2.91;3.7;3.41;2.41;2.97;3.65
SP2;25/03/2017;Mallorca;Levante;1;1;D;0;1;A;2.6;2.88;3;2.65;3;2.85;2.6;3;2.6;2.5;3;2.9;2.65;3.14;3.04;2.5;3;2.8;2.6;3;3;45;2.65;2.55;3.14;2.98;3.05;2.86;2.56;3.1;3.2
SP2;25/03/2017;Numancia;Vallecano;0;0;D;0;0;D;2.2;3;3.6;2.15;3.2;3.6;2.1;3.1;3.3;2.15;3.1;3.6;2.2;3.23;3.82;2.15;3.1;3.3;2.15;3.25;3.6;45;2.23;2.14;3.25;3.14;3.82;3.45;2.48;3.1;3.34
SP2;25/03/2017;Oviedo;Girona;2;0;H;0;0;D;3.1;3;2.45;2.95;3;2.55;2.9;3;2.4;3;3;2.5;3.09;3.11;2.64;2.8;3;2.5;3;3;2.6;45;3.16;2.91;3.11;2.99;2.64;2.5;3.26;3.12;2.52
SP2;25/03/2017;Valladolid;Gimnastic;1;2;A;0;1;A;1.73;3.5;5;1.78;3.4;5;1.75;3.4;4.3;1.75;3.3;5;1.79;3.49;5.55;1.8;3.2;4.5;1.75;3.5;5.25;45;1.83;1.75;3.5;3.36;5.55;4.85;1.71;3.62;6.1
SP2;26/03/2017;Cadiz;Tenerife;0;1;A;0;0;D;2.05;3.1;4;2.1;3.1;3.8;2.1;3.1;3.3;2.15;3;3.8;2.2;3.15;3.99;2.05;3;3.75;2.1;3.1;3.9;44;2.23;2.11;3.15;3.04;4;3.65;2.36;3.05;3.67
SP2;26/03/2017;Elche;Zaragoza;0;3;A;0;3;A;2.1;3.2;3.6;2.1;3.2;3.7;2.1;3.1;3.3;2.1;3.1;3.6;2.19;3.28;3.79;2.15;3.1;3.3;2.1;3.25;3.7;44;2.19;2.11;3.3;3.16;3.79;3.46;2.08;3.28;4.19
SP2;26/03/2017;Getafe;Lugo;2;0;H;1;0;H;1.85;3.4;4.33;1.83;3.3;4.75;1.8;3.4;4;1.85;3.1;4.75;1.9;3.24;5.27;1.8;3.25;4.4;1.85;3.4;4.6;44;1.9;1.83;3.4;3.24;5.27;4.49;2;3.23;4.67
SP2;26/03/2017;Mirandes;Huesca;1;3;A;1;2;A;2.63;3.1;2.75;2.65;3.1;2.8;2.6;3;2.6;2.62;3.1;2.75;2.75;3.22;2.85;2.45;3.2;2.7;2.63;3.2;2.8;44;2.75;2.58;3.22;3.09;2.85;2.72;2.63;3.26;2.96
SP2;26/03/2017;Reus Deportiu;UCAM Murcia;0;0;D;0;0;D;2.15;2.88;4;2.25;2.85;3.8;2.2;3;3.2;2.2;2.8;4;2.27;2.87;4.15;2.3;2.75;3.4;2.25;2.9;3.9;42;2.32;2.21;3;2.83;4.15;3.66;2.24;2.89;4.3
SP2;26/03/2017;Sevilla B;Cordoba;1;0;H;1;0;H;2.1;3.1;3.8;2.15;3.1;3.7;2.2;3.1;3.1;2.15;3;3.6;2.23;3.13;3.9;2.05;3.1;3.6;2.2;3.2;3.6;44;2.23;2.13;3.2;3.08;3.9;3.51;2.27;3.12;3.77
SP2;31/03/2017;Alcorcon;Mallorca;1;0;H;0;0;D;2.3;2.9;3.5;2.3;2.95;3.5;2.3;3;3;2.38;2.8;3.5;2.43;2.95;3.65;2.38;2.75;3.3;2.38;2.9;3.5;46;2.48;2.33;3;2.86;3.65;3.39;2.43;2.91;3.69
SP2;01/04/2017;Girona;Vallecano;1;3;A;1;2;A;1.83;3.4;4.5;1.83;3.4;4.6;1.9;3.3;3.7;1.8;3.25;4.75;1.85;3.37;5.34;1.83;3.25;4.2;1.83;3.4;4.8;45;1.9;1.82;3.43;3.28;5.34;4.56;1.86;3.39;5.2
SP2;01/04/2017;Huesca;Getafe;0;0;D;0;0;D;2.2;3.1;3.5;2.3;3;3.4;2.3;3;3;2.25;3;3.5;2.34;3.1;3.64;2.25;3;3.2;2.3;3.13;3.4;45;2.34;2.26;3.15;3.02;3.64;3.32;2.23;3.23;3.75
SP2;01/04/2017;Levante;Mirandes;2;1;H;1;0;H;1.4;4.33;8.5;1.44;4.1;8.25;1.45;3.9;6.5;1.4;4.2;8.5;1.43;4.54;9.57;1.44;3.8;7.5;1.4;4.4;9;45;1.45;1.41;4.54;4.17;9.57;7.86;1.52;4.31;7.46
SP2;01/04/2017;UCAM Murcia;Cadiz;1;1;D;1;1;D;2.5;3;3;2.4;3;3.25;2.3;3;3;2.5;2.9;3.1;2.63;3.02;3.19;2.3;3;3.1;2.5;3;3.13;44;2.63;2.45;3.05;2.95;3.25;3.04;2.57;3.07;3.22
SP2;02/04/2017;Cordoba;Elche;1;0;H;0;0;D;2.3;3;3.4;2.4;3;3.2;2.2;3;3.2;2.3;3;3.25;2.39;3.19;3.41;2.45;2.9;3;2.38;3.13;3.25;44;2.45;2.32;3.2;3.04;3.41;3.15;2.38;3.19;3.45
SP2;02/04/2017;Gimnastic;Almeria;0;1;A;0;0;D;2.15;3.25;3.4;2.2;3.2;3.4;2.2;3;3.2;2.2;3;3.6;2.24;3.13;3.87;2.2;3;3.3;2.2;3.13;3.7;44;2.24;2.17;3.25;3.04;3.87;3.48;2.29;3.22;3.6
SP2;02/04/2017;Lugo;Reus Deportiu;1;0;H;0;0;D;2.05;3.1;4;2.05;3.1;4;2;3.1;3.5;2.05;2.9;4;2.16;3.02;4.26;2;2.9;4;2.05;3.1;4.2;44;2.17;2.06;3.12;2.98;4.26;3.88;2.26;3.02;3.96
SP2;02/04/2017;Tenerife;Oviedo;1;0;H;1;0;H;1.91;3.1;4.5;1.9;3.2;4.5;1.9;3.3;3.7;1.91;3;4.75;1.94;3.1;5.31;1.91;3;4.33;1.87;3.25;4.75;44;1.94;1.89;3.3;3.09;5.31;4.47;1.85;3.26;5.6
SP2;02/04/2017;Zaragoza;Valladolid;1;1;D;1;1;D;2.4;3.1;3.1;2.55;3;2.95;2.3;3;3;2.5;2.9;3.2;2.57;3;3.32;2.5;3;2.8;2.5;3.1;3.1;44;2.57;2.42;3.1;2.99;3.32;3.02;2.53;3.25;3.11
SP2;03/04/2017;Sevilla B;Numancia;1;1;D;1;1;D;2.15;3.1;3.6;2.25;3.1;3.4;2.2;3;3.2;2.3;3;3.4;2.35;3.11;3.6;2.2;3;3.3;2.3;3.1;3.4;44;2.35;2.22;3.11;3.01;3.6;3.34;2.27;3.04;3.9
SP2;07/04/2017;Mirandes;Alcorcon;2;0;H;0;0;D;2.88;3;2.63;2.65;2.95;2.9;2.6;3;2.6;2.8;2.9;2.75;2.94;2.99;2.86;2.75;2.9;2.62;2.88;3;2.75;46;2.98;2.8;3;2.9;2.9;2.7;2.99;3.03;2.78
SP2;08/04/2017;Cadiz;Lugo;1;1;D;1;1;D;1.8;3.3;4.75;1.83;3.3;4.75;1.8;3.4;4;1.83;3.2;5;1.87;3.34;5.23;1.8;3.25;4.4;1.8;3.4;5;46;1.87;1.8;3.45;3.28;5.23;4.63;2.02;3.21;4.53
SP2;08/04/2017;Getafe;Levante;2;0;H;2;0;H;2.3;3;3.4;2.3;3.1;3.3;2.3;3.2;2.8;2.3;3;3.4;2.38;3.12;3.52;2.25;3;3.2;2.25;3.1;3.5;46;2.38;2.28;3.2;3;3.52;3.28;2.2;3.15;3.96
SP2;08/04/2017;Mallorca;Gimnastic;0;0;D;0;0;D;1.75;3.3;5.25;1.8;3.4;4.75;1.75;3.4;4.3;1.8;3.25;5;1.81;3.37;5.59;1.85;3.2;4.2;1.8;3.3;5.25;46;1.85;1.78;3.4;3.27;5.59;4.81;1.91;3.28;5.1
SP2;08/04/2017;Vallecano;Tenerife;1;1;D;1;1;D;2.2;3.1;3.5;2.15;3;3.8;2.1;3.1;3.3;2.15;3;3.75;2.22;3.12;3.94;2.15;3;3.4;2.2;3.13;3.6;46;2.22;2.15;3.15;3.03;3.94;3.56;2.26;3.16;3.78
SP2;09/04/2017;Almeria;Zaragoza;2;2;D;2;2;D;2.25;3.1;3.4;2.2;3.1;3.5;2.2;3.2;3;2.3;3;3.3;2.37;3.16;3.49;2.25;3;3.2;2.38;3.13;3.3;45;2.38;2.25;3.2;3.07;3.5;3.26;2.46;3.21;3.25
SP2;09/04/2017;Elche;Sevilla B;3;2;H;1;1;D;1.85;3.2;4.75;1.87;3.3;4.5;1.85;3.4;3.8;1.91;3.1;4.5;1.94;3.29;4.81;1.95;3.2;3.8;1.91;3.3;4.5;45;1.95;1.88;3.4;3.21;4.81;4.27;2;3.22;4.63
SP2;09/04/2017;Numancia;Girona;0;2;A;0;0;D;2.8;2.9;2.75;2.65;3;2.85;2.6;3;2.6;2.75;3;2.7;2.88;3.12;2.79;2.6;3;2.7;2.8;3;2.8;45;2.88;2.7;3.12;2.98;2.85;2.7;3.19;3.12;2.52
SP2;09/04/2017;Oviedo;UCAM Murcia;2;0;H;1;0;H;1.95;3.1;4.33;1.9;3.1;4.75;2;3.3;3.3;1.95;3;4.5;1.96;3.21;4.88;1.91;3.1;4;1.93;3.13;4.6;43;2;1.93;3.3;3.07;4.88;4.29;1.89;3.25;5.27
SP2;09/04/2017;Reus Deportiu;Huesca;0;1;A;0;0;D;2.6;2.9;3;2.55;2.9;3.1;2.5;3;2.8;2.62;2.8;3;2.71;2.94;3.16;2.6;2.8;2.88;2.63;2.9;3.1;45;2.71;2.56;3;2.86;3.16;2.96;2.52;2.96;3.44
SP2;09/04/2017;Valladolid;Cordoba;2;1;H;1;0;H;1.75;3.4;5;1.78;3.3;5;1.75;3.4;4.3;1.8;3.3;4.75;1.85;3.44;5.11;1.75;3.25;4.75;1.75;3.5;5;45;1.85;1.77;3.55;3.33;5.11;4.74;1.93;3.38;4.76
SP2;15/04/2017;Elche;Numancia;1;3;A;0;1;A;1.95;3.2;4.2;2;3.2;3.7;2;3.1;3.5;2;3.1;4;2.09;3.26;4.17;2;3.2;3.6;2;3.3;4;43;2.09;2;3.3;3.17;4.2;3.8;2.07;3.25;4.25
SP2;15/04/2017;Gimnastic;Mirandes;4;1;H;1;1;D;1.8;3.4;4.75;1.78;3.4;4.5;1.8;3.4;4;1.8;3.3;4.75;1.83;3.55;5.08;1.8;3.3;4.33;1.83;3.4;4.75;43;1.84;1.8;3.55;3.34;5.08;4.48;1.98;3.5;4.27
SP2;15/04/2017;Huesca;Cadiz;1;1;D;0;0;D;2.2;3;3.6;2.2;3.1;3.3;2.1;3.1;3.3;2.3;3;3.4;2.36;3.09;3.6;2.2;3;3.3;2.3;3.1;3.4;44;2.36;2.22;3.2;3.02;3.6;3.36;1.86;3.3;5.43
SP2;15/04/2017;Tenerife;Girona;3;3;D;1;2;A;2.5;3.1;2.9;2.45;3;2.95;2.3;3;3;2.5;2.9;3.1;2.58;3.05;3.23;2.45;2.9;3;2.5;3;3.13;43;2.58;2.45;3.1;2.95;3.23;3.02;2.38;2.93;3.79
SP2;16/04/2017;Alcorcon;Getafe;0;3;A;0;2;A;2.5;3;3.1;2.45;2.85;3.1;2.3;3;3;2.62;2.8;3;2.77;2.89;3.14;2.45;2.88;3;2.6;2.9;3.1;43;2.77;2.53;3;2.84;3.14;3.02;2.9;2.9;2.98
SP2;16/04/2017;Cordoba;Almeria;1;0;H;1;0;H;1.95;3.1;4.33;2;3;4;2;3.1;3.5;2;3;4.2;2.06;3.13;4.55;2;3.2;3.6;2.05;3.2;4;43;2.11;2;3.2;3.08;4.55;3.91;2.28;3.14;3.72
SP2;16/04/2017;Lugo;Oviedo;2;1;H;1;1;D;2.15;3;3.75;2.05;3.1;3.7;2.1;3.1;3.3;2.3;3;3.3;2.34;3.18;3.53;2.2;3;3.3;2.3;3.13;3.4;43;2.34;2.23;3.25;3.05;3.75;3.33;2.44;3.15;3.35
SP2;16/04/2017;Sevilla B;Valladolid;6;2;H;4;0;H;2.7;3;2.8;2.6;2.95;2.8;2.5;3;2.8;2.7;2.9;2.88;2.8;2.97;2.99;2.6;3;2.7;2.7;3;2.9;43;2.8;2.62;3.1;2.96;2.99;2.78;2.83;3.05;2.91
SP2;16/04/2017;UCAM Murcia;Vallecano;0;1;A;0;1;A;2.55;3;3;2.4;2.95;3.1;2.4;3;2.9;2.62;2.88;2.9;2.81;2.92;3.06;2.5;2.9;2.9;2.6;3;3;41;2.81;2.55;3;2.91;3.1;2.9;2.85;2.96;2.97
SP2;16/04/2017;Zaragoza;Mallorca;1;0;H;1;0;H;2.15;3;3.75;2.1;3.2;3.4;2.2;3;3.2;2.15;3.1;3.6;2.2;3.23;3.82;2.15;3.1;3.3;2.2;3.2;3.5;43;2.23;2.15;3.23;3.09;3.82;3.43;1.96;3.47;4.4
SP2;17/04/2017;Levante;Reus Deportiu;0;0;D;0;0;D;1.67;3.5;5.5;1.7;3.25;5.5;1.7;3.5;4.4;1.7;3.2;6;1.72;3.39;6.77;1.75;3;5.5;1.67;3.4;6.5;41;1.77;1.69;3.5;3.23;6.77;5.64;1.86;3.34;5.28
SP2;21/04/2017;Oviedo;Huesca;1;1;D;1;0;H;2.3;3;3.4;2.25;2.95;3.6;2.2;3.1;3.1;2.3;2.9;3.4;2.44;2.97;3.59;2.2;3;3.3;2.38;3;3.4;42;2.44;2.31;3.1;2.95;3.6;3.31;2.4;2.99;3.66
SP2;22/04/2017;Cadiz;Levante;1;1;D;0;1;A;2.5;3.1;2.9;2.65;3.1;2.75;2.5;3;2.8;2.5;3;3;2.65;3.07;3.1;2.6;3;2.7;2.55;3.1;3;43;2.65;2.51;3.1;2.99;3.1;2.88;2.44;3.08;3.44
SP2;22/04/2017;Getafe;Gimnastic;1;1;D;1;0;H;1.75;3.3;5.25;1.7;3.4;5.75;1.75;3.4;4.3;1.73;3.4;5.5;1.75;3.55;5.85;1.8;3.1;4.75;1.7;3.5;5.75;42;1.8;1.71;3.6;3.35;5.85;5.15;1.74;3.48;6.16
SP2;22/04/2017;Girona;UCAM Murcia;1;2;A;1;1;D;1.5;3.6;8.5;1.55;3.5;7.5;1.5;3.7;5.9;1.5;3.75;7.5;1.53;3.97;8.28;1.5;3.6;7;1.5;3.9;8;41;1.55;1.49;3.97;3.73;8.5;7.12;1.67;3.74;6.33
SP2;22/04/2017;Valladolid;Elche;2;1;H;1;1;D;1.91;3.4;4;1.91;3.4;4.1;1.9;3.3;3.7;1.91;3.3;4.2;1.95;3.47;4.45;1.85;3.2;4.2;1.9;3.4;4.4;43;1.95;1.88;3.47;3.31;4.45;4.1;1.89;3.47;4.81
SP2;22/04/2017;Vallecano;Lugo;2;0;H;0;0;D;1.75;3.4;5;1.83;3.3;4.75;1.8;3.4;4;1.8;3.3;4.75;1.83;3.56;5.04;1.8;3.2;4.5;1.85;3.5;4.5;43;1.87;1.8;3.56;3.35;5.04;4.52;1.94;3.38;4.65
SP2;23/04/2017;Almeria;Sevilla B;2;1;H;1;0;H;1.95;3.1;4.33;1.95;3.2;4.33;2;3.2;3.4;1.91;3.25;4.33;1.95;3.4;4.57;1.95;3.2;3.8;1.95;3.3;4.2;43;2;1.93;3.4;3.22;4.57;4;2.07;3.33;4.19
SP2;23/04/2017;Mallorca;Cordoba;1;1;D;1;1;D;1.91;3.5;4;1.95;3.3;4.1;2;3.2;3.4;1.91;3.3;4.2;1.96;3.42;4.5;2;3.1;3.75;1.93;3.3;4.33;42;2;1.92;3.5;3.25;4.5;3.99;1.99;3.42;4.35
SP2;23/04/2017;Mirandes;Zaragoza;0;1;A;0;1;A;3.1;3.1;2.4;3.2;3.1;2.35;2.7;3.1;2.5;2.9;3.3;2.4;3.24;3.21;2.47;2.8;3.1;2.45;3;3.3;2.4;42;3.24;2.95;3.3;3.12;2.5;2.39;3.04;3.34;2.52
SP2;23/04/2017;Numancia;Tenerife;1;1;D;0;0;D;2.5;3;3;2.55;3;3;2.6;2.9;2.7;2.7;2.9;2.88;2.79;3.05;2.95;2.6;2.88;2.8;2.63;3;3;43;2.79;2.59;3.05;2.93;3;2.85;2.71;3.07;3.03
SP2;23/04/2017;Reus Deportiu;Alcorcon;0;0;D;0;0;D;2.1;3.1;3.75;2.2;2.95;3.8;2.2;2.9;3.3;2.2;2.75;4;2.26;2.89;4.21;2.15;2.75;3.8;2.2;2.8;4.2;43;2.27;2.18;3.1;2.82;4.21;3.78;2.52;2.75;3.77
SP2;28/04/2017;Elche;Almeria;2;3;A;0;1;A;2;3.2;4;2;3.2;3.75;2;3.1;3.5;2.05;3.1;3.6;2.1;3.31;4.05;2;3.2;3.6;2.1;3.2;3.8;41;2.1;2.02;3.31;3.19;4.05;3.73;2.27;3.22;3.64
SP2;29/04/2017;Levante;Oviedo;1;0;H;0;0;D;1.73;3.4;5.25;1.67;3.3;5.5;1.75;3.3;4.5;1.75;3.25;5;1.74;3.49;6.18;1.73;3.2;5;1.75;3.4;5.5;43;1.79;1.73;3.5;3.3;6.18;5.12;1.78;3.54;5.55
SP2;29/04/2017;UCAM Murcia;Tenerife;1;0;H;1;0;H;2.9;3;2.6;2.8;3;2.55;2.8;3;2.5;;;;3.09;2.99;2.73;2.88;2.8;2.6;3;2.9;2.7;42;3.09;2.88;3;2.89;2.73;2.6;3.04;3.09;2.69
SP2;29/04/2017;Valladolid;Numancia;1;1;D;0;0;D;1.73;3.5;5;1.75;3.4;4.75;1.8;3.3;4.2;1.8;3.25;4.4;1.84;3.38;5.34;1.75;3.4;4.5;1.83;3.4;4.75;43;1.85;1.78;3.5;3.35;5.34;4.62;2.18;3.25;3.88
SP2;29/04/2017;Zaragoza;Getafe;1;2;A;1;0;H;2.4;3;3.2;2.35;2.95;3.2;2.4;3.1;2.8;2.45;3;2.9;2.61;3.1;3.13;2.3;3;3.1;2.5;3.1;3.1;43;2.61;2.43;3.15;3.02;3.2;2.97;2.64;3.1;3.09
SP2;30/04/2017;Alcorcon;Cadiz;0;2;A;0;1;A;2.38;2.8;3.5;2.3;2.75;3.5;2.3;3;3;2.4;2.87;3.1;2.53;2.96;3.43;2.25;2.88;3.4;2.5;2.9;3.3;43;2.53;2.39;3;2.87;3.5;3.22;2.7;2.97;3.14
SP2;30/04/2017;Cordoba;Mirandes;1;1;D;0;0;D;1.73;3.5;5;1.85;3.3;4.2;1.8;3.3;4.2;1.8;3.4;4.33;1.83;3.53;5.15;1.83;3.25;4.2;1.8;3.5;4.8;43;1.87;1.79;3.53;3.36;5.15;4.47;1.7;3.99;5.37
SP2;30/04/2017;Lugo;Girona;1;2;A;0;2;A;2.88;3.1;2.55;2.75;3;2.6;2.8;3;2.5;2.75;3;2.55;2.93;3.2;2.69;2.6;3;2.7;2.88;3.13;2.63;43;2.93;2.75;3.2;3.05;2.7;2.57;3;3.22;2.62
SP2;30/04/2017;Sevilla B;Mallorca;2;3;A;0;1;A;2.25;3;3.5;2.3;3;3.25;2.2;3.1;3.1;2.25;3;3.2;2.36;3.19;3.49;2.3;3;3.1;2.3;3.1;3.4;43;2.36;2.25;3.19;3.06;3.5;3.22;2.38;3.26;3.36
SP2;01/05/2017;Gimnastic;Reus Deportiu;0;1;A;0;0;D;2.3;2.9;3.5;2.3;2.85;3.4;2.2;3;3.2;2.35;2.8;3.3;2.43;2.94;3.65;2.38;2.8;3.2;2.38;2.88;3.6;41;2.43;2.31;3;2.85;3.65;3.33;2.41;2.94;3.71
SP2;01/05/2017;Huesca;Vallecano;2;0;H;0;0;D;2.1;3.1;3.75;2.05;3.1;3.75;2.1;3.1;3.3;2.2;3;3.3;2.22;3.19;3.83;2.1;3.1;3.4;2.2;3.13;3.6;41;2.27;2.15;3.2;3.08;3.83;3.44;2.32;3.23;3.52
SP2;05/05/2017;Oviedo;Alcorcon;0;1;A;0;0;D;1.95;3.2;4.2;1.91;3.3;4.33;1.9;3.1;3.9;2;2.9;4;2.04;3.17;4.58;1.95;2.9;4.2;2;3.1;4.4;41;2.04;1.95;3.3;3.09;4.65;4.23;2;3.3;4.48
SP2;06/05/2017;Girona;Huesca;3;1;H;2;1;H;1.83;3.4;4.5;1.91;3.25;4.33;2;3.3;3.3;1.86;3.2;4.2;1.92;3.45;4.69;1.95;3.2;3.8;1.9;3.4;4.4;42;2;1.88;3.45;3.28;4.69;4.18;1.92;3.45;4.66
SP2;06/05/2017;Mallorca;Elche;1;0;H;0;0;D;1.91;3.2;4.33;1.91;3.3;4.25;2;3.3;3.3;1.95;3.1;3.9;2;3.33;4.45;2;3.2;3.6;2;3.25;4.2;42;2;1.96;3.33;3.2;4.45;3.97;1.95;3.31;4.73
SP2;06/05/2017;Numancia;UCAM Murcia;1;0;H;1;0;H;2;3.1;4.2;2.05;3;4.25;2.1;3.1;3.3;2.05;3;3.75;2.1;2.87;4.86;2;2.9;4;2.15;2.88;4.2;41;2.15;2.04;3.1;2.91;4.86;4.12;2.25;2.96;4.12
SP2;06/05/2017;Vallecano;Levante;2;1;H;1;1;D;1.55;3.75;6.5;1.55;3.7;6.75;;;;1.53;3.7;6;1.56;3.9;7.65;1.62;3.5;5.5;1.57;3.8;6.5;41;1.62;1.55;3.9;3.7;7.65;6.25;1.52;4.29;7.43
SP2;07/05/2017;Almeria;Valladolid;0;3;A;0;1;A;2.4;3.2;3;2.3;3.2;3.2;2.3;3;3;2.37;3;2.9;2.48;3.23;3.2;2.25;3.2;3;2.45;3.2;3;42;2.48;2.37;3.25;3.11;3.2;3;2.29;3.3;3.51
SP2;07/05/2017;Cadiz;Gimnastic;0;0;D;0;0;D;1.83;3.25;4.75;1.78;3.3;5;1.75;3.4;4.3;1.86;3.2;4.2;1.91;3.39;4.84;1.75;3.25;4.75;1.9;3.3;4.5;42;1.93;1.84;3.4;3.24;5;4.46;2.11;3.27;4.07
SP2;07/05/2017;Getafe;Cordoba;2;0;H;1;0;H;1.67;3.75;5;1.72;3.4;5.5;1.7;3.5;4.4;1.7;3.3;5.2;1.74;3.56;5.86;1.73;3.3;4.8;1.75;3.5;5;42;1.75;1.71;3.75;3.38;5.86;5.06;1.58;4.04;6.98
SP2;07/05/2017;Mirandes;Sevilla B;0;1;A;0;0;D;2.5;3.3;2.75;2.65;3.25;2.65;2.4;3.2;2.7;2.5;3.1;2.7;2.67;3.27;2.91;2.45;3.2;2.7;2.55;3.3;2.8;43;2.67;2.53;3.3;3.15;2.91;2.73;2.62;3.2;3.02
SP2;07/05/2017;Reus Deportiu;Zaragoza;1;0;H;1;0;H;2.45;3;3.1;2.5;3;3.1;2.4;2.9;3;2.4;2.8;3.1;2.59;2.96;3.38;2.45;2.88;3;2.5;3;3.2;41;2.59;2.44;3;2.9;3.38;3.12;2.69;2.8;3.37
SP2;07/05/2017;Tenerife;Lugo;2;1;H;1;0;H;1.8;3.25;5;1.85;3.25;4.75;1.8;3.4;4;1.8;3.2;4.5;1.83;3.32;5.65;1.85;3.2;4.2;1.83;3.3;5;42;1.86;1.81;3.4;3.22;5.65;4.7;1.78;3.55;5.52
SP2;12/05/2017;Sevilla B;Getafe;2;1;H;1;0;H;3.5;3;2.25;3.5;3.2;2.15;3.3;3.3;2;3.25;3.1;2.2;3.55;3.34;2.25;3.3;3.1;2.15;3.5;3.2;2.2;45;3.64;3.36;3.34;3.14;2.31;2.19;3.2;3.33;2.43
SP2;12/05/2017;Zaragoza;Cadiz;1;1;D;1;0;H;2.25;3.1;3.4;2.25;3.1;3.4;2.3;3;3;2.25;3;3.2;2.37;3.17;3.47;2.3;3;3.1;2.3;3.13;3.25;45;2.37;2.3;3.18;3.06;3.48;3.23;2.35;3.2;3.49
SP2;13/05/2017;Alcorcon;Vallecano;2;0;H;0;0;D;2.5;3;3;2.55;2.95;3;2.6;3;2.6;2.55;2.87;2.87;2.73;2.94;3.15;2.6;2.8;2.88;2.63;3;3;45;2.73;2.55;3;2.89;3.15;2.92;3.05;3.03;2.73
SP2;13/05/2017;Almeria;Numancia;2;0;H;2;0;H;2;3.1;4.2;2.05;3.1;4;2.1;3.1;3.3;2;3.1;3.75;2.02;3.04;4.95;1.95;3;4;2.05;3.1;4.1;45;2.1;2;3.2;3.04;4.95;4.04;2.18;3.21;3.93
SP2;13/05/2017;Cordoba;Reus Deportiu;1;0;H;0;0;D;2.1;3.1;3.8;2.15;3;3.8;2.2;3;3.2;2.1;2.9;3.6;2.21;2.94;4.31;2.05;3;3.75;2.1;3.1;3.9;45;2.23;2.13;3.1;2.93;4.31;3.75;2.11;3.03;4.53
SP2;13/05/2017;Elche;Mirandes;0;1;A;0;0;D;1.62;3.6;6;1.67;3.6;5.5;1.6;3.6;5;1.61;3.6;5.25;1.64;3.79;6.67;1.65;3.5;5;1.65;3.8;5.75;45;1.67;1.62;3.8;3.61;6.67;5.49;1.65;4.01;5.87
SP2;13/05/2017;Gimnastic;Oviedo;2;2;D;0;2;A;2.3;3.1;3.3;2.3;3;3.4;2.3;3;3;2.25;3;3.2;2.39;3.11;3.51;2.3;3;3.1;2.38;3.1;3.3;43;2.39;2.28;3.11;2.99;3.51;3.22;2.25;3.17;3.77
SP2;13/05/2017;Huesca;Tenerife;2;2;D;0;2;A;2.25;3.1;3.4;2.3;2.85;3.6;2.3;3.2;2.8;2.25;3;3.25;2.38;2.91;3.83;2.25;3;3.2;2.3;3.1;3.4;45;2.38;2.26;3.2;2.94;3.83;3.38;2.34;2.97;3.83
SP2;13/05/2017;Levante;Girona;2;1;H;1;0;H;2.88;3.2;2.5;2.85;3.1;2.6;;;;2.7;3;2.6;2.91;3.13;2.76;2.8;3;2.5;2.8;3.2;2.63;44;2.91;2.79;3.2;3.03;2.76;2.56;2.77;3.22;2.82
SP2;13/05/2017;Valladolid;Mallorca;2;1;H;1;0;H;1.85;3.3;4.5;1.91;3.3;4.25;1.9;3.3;3.7;1.86;3.2;4;1.92;3.4;4.76;1.91;3.2;4;1.9;3.4;4.33;45;1.92;1.88;3.45;3.27;4.76;4.18;2.13;3.45;3.78
SP2;14/05/2017;Lugo;UCAM Murcia;0;0;D;0;0;D;2.15;3.1;3.6;2.15;3.1;3.7;2.2;3;3.2;2.2;3;3.3;2.32;3.12;3.67;2.15;3.1;3.3;2.25;3.1;3.5;42;2.32;2.19;3.2;3.05;3.7;3.4;2.45;3.2;3.29
SP2;19/05/2017;Getafe;Elche;2;0;H;1;0;H;1.62;3.7;5.75;1.6;3.8;5.75;1.6;3.6;5;1.62;3.5;5.5;1.64;3.79;6.56;1.65;3.5;5;1.65;3.7;5.75;40;1.68;1.62;3.8;3.62;7;5.55;1.63;4.08;6.03
SP2;19/05/2017;Vallecano;Gimnastic;2;0;H;0;0;D;1.73;3.3;5.5;1.78;3.4;5;1.8;3.4;4;1.73;3.3;4.8;1.74;3.58;5.82;1.8;3.2;4.5;1.75;3.4;5.4;40;1.8;1.74;3.58;3.37;5.82;4.93;2.01;3.41;4.27
SP2;20/05/2017;Cadiz;Cordoba;1;1;D;0;0;D;1.8;3.25;5;1.87;3.3;4.5;1.85;3.4;3.8;1.83;3.2;4.4;1.88;3.39;5.01;1.85;3.2;4.2;1.83;3.4;4.75;41;1.9;1.84;3.5;3.28;5.01;4.37;1.99;3.33;4.38
SP2;20/05/2017;Girona;Alcorcon;0;0;D;0;0;D;1.55;3.8;6.5;1.53;3.9;6.75;1.65;3.5;4.6;;;;1.58;3.78;7.8;1.53;3.5;6.5;1.53;3.8;7.5;40;1.65;1.54;3.9;3.69;7.8;6.49;1.65;3.75;6.48
SP2;20/05/2017;Mallorca;Almeria;1;0;H;1;0;H;1.95;3.3;4;1.91;3.25;4.4;1.9;3.3;3.7;1.95;3.1;4;1.99;3.17;4.82;1.85;3.2;4.2;1.95;3.3;4.2;41;1.99;1.92;3.3;3.18;4.82;4.09;2.01;3.27;4.49
SP2;20/05/2017;Oviedo;Zaragoza;0;0;D;0;0;D;2.3;3.1;3.25;2.2;3.2;3.4;2.2;3;3.2;2.25;3;3.2;2.35;3.17;3.53;2.15;3.1;3.3;2.3;3.13;3.3;41;2.35;2.25;3.2;3.07;3.53;3.25;2.07;3.41;4
SP2;20/05/2017;Reus Deportiu;Sevilla B;2;1;H;1;0;H;2.1;3;4;2.15;2.95;3.9;2;3.2;3.4;2.15;2.9;3.6;2.18;3;4.29;2.15;2.9;3.6;2.15;3;3.9;39;2.23;2.13;3.2;2.95;4.29;3.72;2.06;3.07;4.65
SP2;20/05/2017;Tenerife;Levante;0;0;D;0;0;D;1.57;3.6;6.5;1.6;3.7;6;;;;1.6;3.5;5.75;1.62;3.75;7.09;1.57;3.5;6;1.62;3.6;6.5;40;1.65;1.6;3.75;3.55;7.09;5.92;1.64;3.87;6.42
SP2;20/05/2017;UCAM Murcia;Huesca;3;1;H;2;0;H;2.5;3;3;2.55;3.1;2.9;2.6;3;2.6;2.55;2.9;2.88;2.75;3.06;3.03;2.5;2.9;2.9;2.6;3;3;40;2.75;2.55;3.1;2.94;3.03;2.88;2.65;3.11;3.07
SP2;21/05/2017;Mirandes;Valladolid;2;2;D;0;2;A;3.7;3.25;2.05;3.75;3.25;2.05;3.1;3.3;2.1;3.4;3.2;2.05;3.98;3.48;2.05;3.25;3.25;2.1;3.6;3.4;2.1;41;3.98;3.51;3.48;3.27;2.25;2.05;3.49;3.5;2.21
SP2;21/05/2017;Numancia;Lugo;0;1;A;0;0;D;2;3.2;4;2;3.2;4;2.1;3.3;3.1;2;3.1;3.7;2.05;3.11;4.56;2;3.2;3.6;2.05;3.2;4;41;2.1;2;3.3;3.12;4.56;3.84;2.14;3.13;4.19
SP2;26/05/2017;Levante;UCAM Murcia;3;1;H;1;1;D;1.85;3.4;4.33;1.85;3.25;4.25;1.9;3.3;3.7;1.87;3.2;4.25;1.88;3.4;5.04;1.85;3.2;4.2;1.83;3.4;4.8;43;1.95;1.85;3.43;3.3;4.92;4.34;1.88;3.4;5.03
SP2;27/05/2017;Almeria;Mirandes;2;0;H;1;0;H;1.53;3.75;7;1.55;3.75;6;1.5;3.8;5.7;1.53;3.8;5.8;1.56;4.21;6.82;1.55;3.8;5.5;1.55;4.1;6.25;43;1.58;1.53;4.21;3.92;7;5.91;1.63;4.12;5.87
SP2;27/05/2017;Huesca;Lugo;1;0;H;1;0;H;1.85;3.3;4.5;1.8;3.25;4.6;1.9;3.3;3.7;1.8;3.3;4.5;1.83;3.68;4.85;1.8;3.3;4.33;1.75;3.6;4.8;44;1.9;1.79;3.68;3.43;5;4.47;1.72;3.89;5.36
SP2;27/05/2017;Sevilla B;Cadiz;3;3;D;2;0;H;6;3.6;1.62;5.75;3.5;1.62;5;3.6;1.6;5.8;3.5;1.6;6.25;3.88;1.65;6;3.5;1.57;6.5;3.7;1.6;43;6.7;5.82;3.9;3.64;1.65;1.59;9;5.47;1.36
SP2;27/05/2017;Valladolid;Getafe;1;0;H;0;0;D;2.4;3.1;3.1;2.4;3;3;2.3;3.2;2.8;2.4;3.1;2.88;2.52;3.32;3.06;2.45;3.1;2.8;2.45;3.2;3;44;2.52;2.41;3.32;3.11;3.15;2.93;2.61;3.23;3.02
SP2;28/05/2017;Alcorcon;Tenerife;1;3;A;0;2;A;2.88;3;2.63;2.65;3;2.7;2.6;3;2.6;2.75;2.88;2.63;2.94;3.06;2.79;2.75;2.8;2.7;2.88;3;2.7;43;2.94;2.78;3.06;2.95;2.79;2.63;2.7;2.97;3.14
SP2;28/05/2017;Cordoba;Oviedo;4;2;H;3;0;H;2.25;3.1;3.4;2.15;3.1;3.4;2.2;3.2;3;;;;2.34;3.2;3.5;2.25;3;3.2;2.25;3.13;3.5;43;2.34;2.23;3.2;3.08;3.5;3.27;2.16;3.19;4
SP2;28/05/2017;Elche;Reus Deportiu;1;1;D;0;0;D;1.91;3.1;4.5;1.9;2.95;4.75;;;;1.91;3;4.4;1.99;3.2;4.76;1.91;3;4.33;1.91;3.2;4.75;42;1.99;1.92;3.3;3.08;4.76;4.36;1.91;3.46;4.7
SP2;28/05/2017;Gimnastic;Girona;3;1;H;0;1;A;3.1;3.1;2.38;3.1;3.1;2.3;2.6;3.2;2.5;2.9;3.1;2.38;3.12;3.34;2.47;2.88;3.1;2.38;3;3.25;2.45;43;3.12;2.94;3.34;3.15;2.5;2.38;2.98;3.37;2.54
SP2;28/05/2017;Mallorca;Numancia;0;0;D;0;0;D;1.8;3.25;5;1.87;3.3;4.1;1.8;3.4;4;1.85;3.2;4.33;1.88;3.39;5.07;1.85;3.2;4.2;1.85;3.4;4.6;43;1.9;1.83;3.45;3.29;5.07;4.4;1.73;3.51;6.17
SP2;28/05/2017;Zaragoza;Vallecano;1;1;D;1;0;H;2.5;3.1;2.9;2.4;3;3;2.4;3.2;2.7;2.45;3;2.8;2.67;3.22;2.93;2.45;3;2.88;2.55;3.2;2.9;43;2.67;2.47;3.22;3.09;3.05;2.84;2.46;2.92;3.63
SP2;02/06/2017;Lugo;Levante;1;0;H;0;0;D;2.6;3.2;2.75;2.6;3.3;2.7;2.5;3.3;2.5;2.5;3.2;2.65;2.65;3.27;2.93;2.5;3.25;2.62;2.6;3.3;2.75;42;2.7;2.57;3.36;3.17;2.93;2.7;2.48;3.54;2.94
SP2;04/06/2017;Cadiz;Elche;2;1;H;0;0;D;1.67;3.6;5.25;1.67;3.7;5.25;1.65;3.5;4.6;1.6;3.75;5.25;1.7;4.02;5.31;1.7;3.5;4.6;1.67;3.8;5.2;40;1.72;1.66;4.02;3.68;5.31;4.82;1.85;3.77;4.52
SP2;04/06/2017;Getafe;Almeria;4;0;H;2;0;H;1.67;3.4;6;1.62;3.7;5.75;1.55;3.7;5.4;1.53;3.6;6.5;1.64;3.7;6.87;1.65;3.5;5;1.65;3.6;6;39;1.67;1.62;3.7;3.52;6.87;5.63;1.65;3.71;6.68
SP2;04/06/2017;Girona;Zaragoza;0;0;D;0;0;D;3.25;1.5;7;3.25;1.55;7;;;;;;;;;;3.25;1.5;7;;;;21;3.5;3.37;1.57;1.52;7.84;7.08;;;
SP2;04/06/2017;Huesca;Numancia;0;0;D;0;0;D;1.5;3.8;7.5;1.48;3.9;8;1.4;4.1;7;1.44;3.8;7.5;1.48;4.07;9.64;1.5;3.6;7;1.5;3.9;8;40;1.52;1.47;4.1;3.81;9.64;7.45;1.49;4.27;8.32
SP2;04/06/2017;Mirandes;Mallorca;2;2;D;2;1;H;7;3.75;1.53;6.75;4;1.5;6.5;3.9;1.45;6.5;4;1.44;6.5;4.45;1.55;6;3.6;1.55;6.5;4;1.55;40;7;6.05;4.45;3.88;1.57;1.53;7.54;4.59;1.48
SP2;04/06/2017;Oviedo;Sevilla B;1;0;H;1;0;H;1.7;3.5;5.25;1.72;3.75;4.75;1.6;3.6;5;1.7;3.5;4.6;1.71;3.89;5.4;1.7;3.6;4.5;1.73;3.7;5;40;1.75;1.69;3.89;3.59;5.4;4.76;1.87;3.96;4.22
SP2;04/06/2017;Reus Deportiu;Valladolid;2;0;H;2;0;H;6;3.4;1.67;6.75;3.5;1.6;5.4;3.7;1.55;5.8;3.4;1.6;7.76;3.55;1.63;5.5;3.25;1.67;6.5;3.5;1.65;40;7.76;6.01;3.7;3.42;1.67;1.61;5.77;3.49;1.77
SP2;04/06/2017;Tenerife;Gimnastic;0;1;A;0;0;D;1.91;3.2;4.33;1.9;3.1;4.75;1.75;3.4;4.3;1.85;3.1;4.4;1.92;3.06;5.55;1.91;3;4.33;1.95;2.9;4.75;40;1.96;1.89;3.4;3.03;5.55;4.56;1.88;3.12;5.81
SP2;04/06/2017;UCAM Murcia;Alcorcon;0;1;A;0;1;A;2.2;3.1;3.5;2.25;2.95;3.6;;;;2.15;2.9;3.7;2.3;3.09;3.75;2.25;2.9;3.3;2.25;3.1;3.5;40;2.3;2.21;3.1;2.97;3.75;3.42;2.21;3.05;4.1
SP2;04/06/2017;Vallecano;Cordoba;1;2;A;1;1;D;2.6;2.1;4.2;2.85;2.1;4;;;;;;;;;;2.7;2.1;3.8;;;;18;2.9;2.74;2.2;2.12;4.2;3.93;2.48;2.67;3.98
SP2;09/06/2017;Sevilla B;Vallecano;1;2;A;0;1;A;2.3;3.5;2.88;2.35;3.4;2.8;2.2;3.2;3;2.25;3.4;2.9;2.34;3.66;3.08;2.2;3.5;2.88;2.3;3.5;3;43;2.36;2.26;3.66;3.42;3.08;2.93;2.18;3.92;3.22
SP2;10/06/2017;Alcorcon;Lugo;3;0;H;1;0;H;1.36;4.2;8;1.36;4.4;8.25;1.3;4.8;8.5;1.36;4.25;8.5;1.35;5.03;11.37;1.4;4.2;7.5;1.4;4.5;9;41;1.4;1.36;5.03;4.45;11.37;8.56;1.56;4.12;7.16
SP2;10/06/2017;Almeria;Reus Deportiu;1;0;H;1;0;H;1.22;5.5;11;1.22;5.5;13.5;1.25;5;10;1.28;4.75;12;1.29;5.53;14.18;1.29;4.6;11;1.29;5.2;13;41;1.32;1.27;5.53;5.02;14.18;11.14;1.15;7.81;28.54
SP2;10/06/2017;Cordoba;Girona;2;1;H;0;0;D;2.4;2.2;4.2;2.55;2.3;4;;;;2.37;2.2;4.5;;;;;;;2.63;2.4;3.13;19;2.7;2.56;2.4;2.24;4.4;4.04;;;
SP2;10/06/2017;Elche;Oviedo;0;2;A;0;0;D;5.25;3.75;1.57;5.25;3.9;1.57;5.4;3.7;1.55;4.8;3.8;1.61;5.32;4.4;1.64;4.6;3.75;1.65;5.25;4;1.65;41;5.75;5.06;4.4;3.9;1.67;1.61;7.69;5.32;1.4
SP2;10/06/2017;Gimnastic;UCAM Murcia;1;0;H;0;0;D;2.15;3.2;3.25;2.1;3;3.7;;;;2.15;3.1;3.3;2.19;3.16;3.9;2.15;3.1;3.3;2.2;3.2;3.5;39;2.23;2.17;3.2;3.09;3.9;3.43;2.24;3.19;3.77
SP2;10/06/2017;Levante;Huesca;1;2;A;0;0;D;3.5;3.25;1.95;3.4;3.5;2;3.8;3.6;1.8;3.4;3.3;2.05;3.77;3.61;2.07;3.4;3.4;2;3.6;3.5;2.05;41;3.82;3.5;3.61;3.38;2.07;2.02;2.57;3.71;2.73
SP2;10/06/2017;Mallorca;Getafe;3;3;D;1;1;D;2.7;3.2;2.4;2.8;3.2;2.45;2.8;3.2;2.3;2.7;3.1;2.5;2.98;3.35;2.56;2.7;3.2;2.45;2.8;3.25;2.6;41;2.98;2.79;3.35;3.18;2.6;2.46;2.97;3.29;2.55
SP2;10/06/2017;Valladolid;Cadiz;1;0;H;0;0;D;1.44;4.2;6;1.5;4.1;5.75;1.4;4.1;7;1.5;3.9;6.5;1.52;4.32;7.49;1.44;4;6.5;1.5;4.2;7;41;1.53;1.48;4.35;4.06;7.5;6.43;1.42;4.8;9
SP2;10/06/2017;Zaragoza;Tenerife;1;2;A;0;1;A;3;3.25;2.2;3;3.2;2.3;;;;3.2;3.1;2.2;3.49;3.28;2.31;3.1;3.2;2.2;3.3;3.25;2.3;40;3.52;3.21;3.28;3.16;2.31;2.23;3.18;3.32;2.44
SP2;11/06/2017;Numancia;Mirandes;0;2;A;0;0;D;1.75;3.4;4.33;1.91;3.4;3.8;1.8;3.4;4;1.87;3.3;4;1.91;3.55;4.57;1.91;3.3;3.8;1.87;3.5;4.3;39;1.91;1.85;3.55;3.39;4.57;4.08;1.83;3.85;4.52
