Date;HomeTeam;AwayTeam;FTHG;FTAG;FTR;HTHG;HTAG;HTR;HS;AS;HST;AST;HF;AF;HC;AC;HY;AY;HR;AR;B365H;B365D;B365A;spi1;spi2;HomeBudget;AwayBudget;Extrangeros;ExtrangerosAway
08/01/2017;Ath Bilbao;Alaves;0;0;D;0;0;D;15;10;4;4;10;13;13;4;2;4;0;0;1,53;3,8;7,5;76,29;65,9;188,5;64,85;1;11
07/01/2018;Ath Bilbao;Alaves;2;0;H;1;0;H;14;8;8;1;23;20;4;1;2;4;0;0;1,66;3,5;6;26,73;30,53;188,5;64,85;1;11
21/08/2016;Ath Madrid;Alaves;1;1;D;0;0;D;27;2;6;1;7;15;20;2;0;4;0;0;1,2;6,5;17;61,23;76,96;585;64,85;19;11
16/12/2017;Ath Madrid;Alaves;1;0;H;0;0;D;10;11;4;0;14;16;4;4;3;4;0;0;1,19;6,5;15;72,72;74,81;585;64,85;19;11
10/09/2016;Barcelona;Alaves;1;2;A;0;1;A;16;5;2;4;12;12;13;0;1;1;0;0;1,07;12;34;72,49;88,95;772,5;64,85;17;11
28/01/2018;Barcelona;Alaves;2;1;H;0;1;A;18;7;12;4;6;18;8;1;0;2;0;0;1,08;11;26;69,75;64,35;772,5;64,85;17;11
30/04/2017;Betis;Alaves;1;4;A;1;0;H;11;9;3;5;14;16;4;0;1;5;0;0;2,1;3,2;3,8;49,3;67,22;95,55;64,85;9;11
21/10/2017;Betis;Alaves;2;0;H;1;0;H;12;7;5;3;18;9;6;5;2;2;0;0;1,57;4;6;47,95;38,16;95,55;64,85;9;11
15/01/2017;Celta;Alaves;1;0;H;0;0;D;13;9;4;1;19;10;7;4;4;3;0;1;1,7;3,75;5,25;72,69;70,7;114,565;64,85;16;11
10/09/2017;Celta;Alaves;1;0;H;1;0;H;20;5;3;3;17;17;9;4;4;4;0;0;1,67;3,75;5,25;47,27;48,69;114,565;64,85;16;11
11/12/2016;Eibar;Alaves;0;0;D;0;0;D;8;3;1;3;14;7;7;2;1;1;0;0;1,83;3,6;4,5;70,76;58,61;71,75;64,85;9;11
15/04/2018;Eibar;Alaves;0;1;A;0;1;A;21;2;4;1;11;18;12;1;2;1;0;0;1,83;3,39;4,75;71,79;65,85;71,75;64,85;9;11
08/04/2017;Espanol;Alaves;1;0;H;0;0;D;15;9;6;0;11;13;5;3;3;3;0;0;2,1;3,1;3,8;70,63;68,93;85,45;64,85;7;11
01/04/2018;Espanol;Alaves;0;0;D;0;0;D;12;13;3;4;18;12;6;5;3;2;0;0;2,04;3,2;3,75;23,11;46,47;85,45;64,85;7;11
18/11/2017;Getafe;Alaves;4;1;H;2;0;H;13;11;8;5;18;14;4;5;3;3;0;0;1,8;3,5;4,75;52,74;49,07;48,75;64,85;18;11
04/12/2017;Girona;Alaves;2;3;A;0;0;D;11;9;3;4;8;13;6;5;1;2;0;0;1,6;3,79;6;65,48;60,93;35,6;64,85;13;11
01/03/2017;Granada;Alaves;2;1;H;1;0;H;13;11;6;5;19;15;4;4;6;4;0;2;2,63;3,2;2,8;49,77;67,85;85,5;64,85;30;11
18/02/2017;La Coruna;Alaves;0;1;A;0;0;D;16;6;4;4;13;13;10;6;5;3;0;0;2;3,1;4,2;55,35;85,5;92,8;64,85;16;11
20/09/2017;La Coruna;Alaves;1;0;H;1;0;H;15;8;3;3;16;19;5;2;0;2;0;0;1,91;3,3;4,5;76,89;83,45;92,8;64,85;16;11
23/04/2017;Las Palmas;Alaves;1;1;D;1;0;H;14;12;3;5;16;14;3;9;4;1;1;0;2;3,5;3,8;73,52;67,81;123;64,85;15;11
22/04/2018;Las Palmas;Alaves;0;4;A;0;0;D;12;10;1;7;14;19;3;3;2;2;0;0;3,1;3,2;2,39;33,01;54,44;123;64,85;15;11
20/05/2017;Leganes;Alaves;1;1;D;0;0;D;15;17;4;5;9;14;8;4;0;1;0;0;2,1;3,25;3,75;71,7;72,23;53,63;64,85;15;11
18/08/2017;Leganes;Alaves;1;0;H;1;0;H;16;6;9;3;14;18;4;2;0;1;0;0;2,05;3,2;4,1;33,4;33,4;53,63;64,85;15;11
30/09/2017;Levante;Alaves;0;2;A;0;1;A;13;8;0;3;11;18;8;4;2;4;0;0;1,83;3,5;4,5;78,06;63,89;59,35;64,85;15;11
11/03/2017;Malaga;Alaves;1;2;A;0;1;A;15;4;9;2;17;13;5;3;2;1;0;1;2;3,3;4;83,27;66,11;88,43;64,85;17;11
05/11/2016;Osasuna;Alaves;0;1;A;0;0;D;10;12;4;3;18;10;3;4;5;2;0;0;2,25;3,2;3,4;55,91;62,74;36,8;64,85;9;11
02/04/2017;Real Madrid;Alaves;3;0;H;1;0;H;18;12;6;3;12;16;3;3;0;2;0;0;1,11;10;19;91,86;69,85;743,1;64,85;18;11
24/02/2018;Real Madrid;Alaves;4;0;H;1;0;H;25;11;10;5;9;14;9;5;1;2;0;0;1,14;8,5;17;40,18;32,63;743,1;64,85;18;11
01/10/2016;Sevilla;Alaves;2;1;H;0;0;D;20;6;12;1;10;13;9;2;2;6;0;0;1,44;4,33;8;66,34;60,04;236,4;64,85;24;11
22/10/2016;Sociedad;Alaves;3;0;H;1;0;H;16;10;5;3;17;20;4;2;3;5;0;0;1,67;3,75;5,5;73,19;63,95;165,1;64,85;6;11
04/03/2018;Sociedad;Alaves;2;1;H;2;1;H;14;3;5;1;10;13;8;4;0;1;0;0;1,64;4;5,25;37,21;45,25;165,1;64,85;6;11
05/02/2017;Sp Gijon;Alaves;2;4;A;0;1;A;12;14;4;7;20;20;8;4;7;3;0;0;2,2;3,3;3,4;78,27;52,15;50,5;64,85;9;11
22/09/2016;Valencia;Alaves;2;1;H;1;1;D;12;8;2;1;14;13;7;4;2;3;0;0;1,57;3,75;6;73,65;64,09;269,45;64,85;20;11
17/03/2018;Valencia;Alaves;3;1;H;2;0;H;24;16;10;4;8;14;9;2;1;1;0;0;1,44;4,5;7,5;39,12;36,01;269,45;64,85;20;11
27/11/2016;Villarreal;Alaves;0;2;A;0;2;A;23;10;10;7;11;19;12;1;2;3;0;0;1,5;4;7,5;79,6;96,15;196,7;64,85;15;11
10/02/2018;Villarreal;Alaves;1;2;A;0;1;A;27;5;6;4;15;15;13;2;4;4;0;0;1,66;4;5;41,09;37,36;196,7;64,85;15;11
07/05/2017;Alaves;Ath Bilbao;1;0;H;0;0;D;9;20;3;6;14;11;3;10;1;4;0;0;4,75;3,5;1,8;72,45;82,81;64,85;188,5;11;1
21/05/2017;Ath Madrid;Ath Bilbao;3;1;H;2;0;H;12;16;4;1;13;11;2;5;2;0;0;0;2;3,5;3,8;73,71;79,96;585;188,5;19;1
18/02/2018;Ath Madrid;Ath Bilbao;2;0;H;0;0;D;14;4;4;0;6;12;5;2;3;2;0;0;1,44;4,2;8,5;75,48;58,71;585;188,5;19;1
04/02/2017;Barcelona;Ath Bilbao;3;0;H;2;0;H;16;10;6;5;11;18;7;3;1;3;0;0;1,22;6,5;13;96,32;75,49;772,5;188,5;17;1
18/03/2018;Barcelona;Ath Bilbao;2;0;H;2;0;H;18;10;9;3;7;14;6;5;2;2;0;0;1,16;8;15;64,75;73,3;772,5;188,5;17;1
11/12/2016;Betis;Ath Bilbao;1;0;H;1;0;H;6;14;1;4;14;12;3;7;3;2;0;0;3,1;3,25;2,38;68,52;64,9;95,55;188,5;9;1
22/12/2017;Betis;Ath Bilbao;0;2;A;0;1;A;16;19;6;7;7;6;6;9;1;2;1;0;2,7;3,25;2,62;65,02;72,35;95,55;188,5;9;1
30/04/2017;Celta;Ath Bilbao;0;3;A;0;1;A;5;22;0;12;8;11;0;11;1;1;0;0;4,5;3,7;1,8;69,62;69,91;114,565;188,5;16;1
05/11/2017;Celta;Ath Bilbao;3;1;H;3;1;H;11;14;5;5;13;17;3;6;2;3;0;0;2,1;3,5;3,5;39,94;44,08;114,565;188,5;16;1
24/04/2017;Eibar;Ath Bilbao;0;1;A;0;0;D;7;9;2;3;15;9;5;5;4;2;1;0;2,6;3,3;2,75;76,35;79,87;71,75;188,5;9;1
27/08/2017;Eibar;Ath Bilbao;0;1;A;0;1;A;14;10;5;4;14;11;4;3;1;1;1;0;2,5;3,1;3,1;68,84;70,3;71,75;188,5;9;1
06/11/2016;Espanol;Ath Bilbao;0;0;D;0;0;D;6;4;3;0;13;11;5;3;1;2;0;0;3;3,2;2,5;73,57;74,35;85,45;188,5;7;1
14/01/2018;Espanol;Ath Bilbao;1;1;D;1;1;D;11;8;3;3;14;16;4;2;2;4;0;0;2,54;3;3;56,34;45,84;85,45;188,5;7;1
19/01/2018;Getafe;Ath Bilbao;2;2;D;1;1;D;17;7;6;6;17;12;6;2;5;1;0;0;2,7;3,1;2,79;69,06;75,71;48,75;188,5;18;1
04/02/2018;Girona;Ath Bilbao;2;0;H;1;0;H;8;9;3;0;13;14;2;4;1;1;0;0;2,39;3,29;3;64,9;94,85;35,6;188,5;13;1
21/09/2016;Granada;Ath Bilbao;1;2;A;1;1;D;13;13;2;8;8;9;6;3;1;0;0;0;4,5;3,5;1,85;52,94;76,32;85,5;188,5;30;1
11/09/2016;La Coruna;Ath Bilbao;0;1;A;0;1;A;16;7;3;2;15;15;7;6;2;3;0;0;3,6;3,25;2,15;75,27;69,46;92,8;188,5;16;1
26/11/2017;La Coruna;Ath Bilbao;2;2;D;1;1;D;14;10;4;3;11;14;5;2;4;1;0;0;2,75;3,29;2,6;36,08;35,25;92,8;188,5;16;1
28/11/2016;Las Palmas;Ath Bilbao;3;1;H;1;0;H;10;10;4;3;19;21;5;3;3;4;0;1;2,5;3,4;2,8;67,29;77,25;123;188,5;15;1
17/09/2017;Las Palmas;Ath Bilbao;1;0;H;0;0;D;12;11;3;5;12;19;7;6;2;3;0;0;2,75;3,4;2,55;45,04;37,1;123;188,5;15;1
14/01/2017;Leganes;Ath Bilbao;0;0;D;0;0;D;15;10;5;2;20;11;4;8;3;3;0;0;3,25;3,1;2,38;70,39;80,67;53,63;188,5;15;1
22/10/2017;Leganes;Ath Bilbao;1;0;H;0;0;D;15;7;4;1;16;15;4;3;3;4;0;0;2,37;3,1;3,29;71,48;61,14;53,63;188,5;15;1
10/12/2017;Levante;Ath Bilbao;1;2;A;0;1;A;12;14;3;3;11;13;8;6;3;3;0;0;3,25;3,39;2,25;30,15;49,44;59,35;188,5;15;1
02/10/2016;Malaga;Ath Bilbao;2;1;H;0;1;A;15;7;3;1;19;11;7;2;7;3;1;1;2,45;3;3,3;69,6;77,71;88,43;188,5;17;1
23/09/2017;Malaga;Ath Bilbao;3;3;D;1;1;D;15;8;7;7;16;8;5;1;7;2;1;0;2,9;3,3;2,4;48,01;40,32;88,43;188,5;17;1
01/04/2017;Osasuna;Ath Bilbao;1;2;A;0;2;A;8;9;6;4;19;9;6;3;4;2;0;0;6;4;1,57;50,44;77,36;36,8;188,5;9;1
23/10/2016;Real Madrid;Ath Bilbao;2;1;H;1;1;D;24;10;8;3;10;17;6;4;2;3;0;0;1,2;7;13;81,07;66,81;743,1;188,5;18;1
18/04/2018;Real Madrid;Ath Bilbao;1;1;D;0;1;A;29;6;10;2;6;19;16;2;2;4;0;0;1,19;7;12;77,33;70,81;743,1;188,5;18;1
02/03/2017;Sevilla;Ath Bilbao;1;0;H;1;0;H;14;14;4;4;16;10;6;9;6;2;0;0;1,67;3,8;5,25;84,1;75,0;236,4;188,5;24;1
03/03/2018;Sevilla;Ath Bilbao;2;0;H;2;0;H;18;10;8;3;14;13;8;4;2;3;0;0;1,7;3,75;5,25;32,19;38,71;236,4;188,5;24;1
12/03/2017;Sociedad;Ath Bilbao;0;2;A;0;1;A;16;9;4;5;15;22;8;3;3;6;0;0;2,1;3,3;3,5;92,6;67,33;165,1;188,5;6;1
21/08/2016;Sp Gijon;Ath Bilbao;2;1;H;0;0;D;12;13;4;4;18;15;2;5;3;3;0;0;4;3,5;1,95;89,03;62,0;50,5;188,5;9;1
19/02/2017;Valencia;Ath Bilbao;2;0;H;2;0;H;15;15;5;5;17;11;3;1;0;1;0;0;2,3;3,25;3,25;96,34;62,22;269,45;188,5;20;1
01/10/2017;Valencia;Ath Bilbao;3;2;H;2;0;H;10;16;6;6;18;16;2;8;3;4;0;0;1,91;3,5;4,2;93,77;62,84;269,45;188,5;20;1
07/04/2017;Villarreal;Ath Bilbao;3;1;H;1;1;D;10;11;5;5;16;16;4;5;6;3;1;0;2,15;3,2;3,6;79,45;78,85;196,7;188,5;15;1
09/04/2018;Villarreal;Ath Bilbao;1;3;A;0;1;A;7;17;2;13;17;11;3;6;5;5;1;0;1,85;3,5;4,5;71,2;69,62;196,7;188,5;15;1
28/01/2017;Alaves;Ath Madrid;0;0;D;0;0;D;19;8;4;2;19;18;7;2;3;2;0;0;6;3,6;1,62;79,37;49,33;64,85;585;11;19
22/01/2017;Ath Bilbao;Ath Madrid;2;2;D;1;1;D;8;11;5;5;12;9;2;6;2;3;0;0;4;3,2;2,05;51,59;85,16;188,5;585;1;19
20/09/2017;Ath Bilbao;Ath Madrid;1;2;A;0;0;D;12;16;7;9;12;12;6;0;0;2;0;0;3,4;3,2;2,25;69,7;58,36;188,5;585;1;19
21/09/2016;Barcelona;Ath Madrid;1;1;D;1;0;H;19;9;7;4;14;17;8;2;2;4;0;0;1,6;4;5,5;71,28;61,75;772,5;585;17;19
04/03/2018;Barcelona;Ath Madrid;1;0;H;1;0;H;16;6;5;1;16;20;12;1;2;2;0;0;1,72;3,79;4,75;55,54;66,87;772,5;585;17;19
14/05/2017;Betis;Ath Madrid;1;1;D;0;0;D;13;5;5;2;7;16;3;5;4;4;0;0;7;3,75;1,57;76,91;73,48;95,55;585;9;19
10/12/2017;Betis;Ath Madrid;0;1;A;0;1;A;9;4;4;2;15;19;3;2;4;3;0;0;4,75;3,79;1,72;76,09;64,37;95,55;585;9;19
10/09/2016;Celta;Ath Madrid;0;4;A;0;0;D;9;13;1;6;13;12;6;4;1;2;0;0;6;3,3;1,73;92,9;56,39;114,565;585;16;19
22/10/2017;Celta;Ath Madrid;0;1;A;0;1;A;19;4;8;2;13;19;4;4;3;5;0;0;4,2;3,39;1,95;40,94;32,66;114,565;585;16;19
07/01/2017;Eibar;Ath Madrid;0;2;A;0;0;D;15;8;2;4;11;10;5;3;2;2;0;0;5,5;3,5;1,73;92,07;51,19;71,75;585;9;19
13/01/2018;Eibar;Ath Madrid;0;1;A;0;1;A;11;7;4;3;12;9;9;1;2;1;0;0;4;3,2;2,04;64,54;56,38;71,75;585;9;19
22/04/2017;Espanol;Ath Madrid;0;1;A;0;0;D;10;13;2;3;13;10;5;3;3;2;0;0;5;3,6;1,75;69,04;73,27;85,45;585;7;19
22/12/2017;Espanol;Ath Madrid;1;0;H;0;0;D;7;9;4;1;18;22;2;3;2;5;0;0;5;3,5;1,72;41,65;48,59;85,45;585;7;19
19/08/2017;Girona;Ath Madrid;2;2;D;2;0;H;13;9;6;3;15;15;6;0;2;4;0;1;8;4,33;1,45;51,77;27,25;35,6;585;13;19
11/03/2017;Granada;Ath Madrid;0;1;A;0;0;D;12;15;2;6;14;15;4;9;3;3;1;0;7,5;4;1,5;71,48;54,75;85,5;585;30;19
02/03/2017;La Coruna;Ath Madrid;1;1;D;1;0;H;13;10;2;4;14;10;7;2;2;1;0;0;5,5;3,75;1,65;67,07;86,2;92,8;585;16;19
04/11/2017;La Coruna;Ath Madrid;0;1;A;0;0;D;14;11;1;3;17;10;4;4;4;2;0;0;4,75;3,6;1,8;64,34;81,27;92,8;585;16;19
29/04/2017;Las Palmas;Ath Madrid;0;5;A;0;3;A;15;8;3;7;6;13;7;1;4;4;1;0;5,25;3,6;1,73;92,95;72,38;123;585;15;19
26/08/2017;Las Palmas;Ath Madrid;1;5;A;0;2;A;10;8;4;6;10;9;4;2;4;1;0;0;4,75;3,75;1,75;31,78;50,54;123;585;15;19
27/08/2016;Leganes;Ath Madrid;0;0;D;0;0;D;6;10;1;3;19;5;1;8;3;1;0;0;8,5;3,6;1,53;57,75;71,51;53,63;585;15;19
30/09/2017;Leganes;Ath Madrid;0;0;D;0;0;D;7;11;3;2;13;13;2;6;2;1;0;0;7,5;3,75;1,55;43,59;39,0;53,63;585;15;19
25/11/2017;Levante;Ath Madrid;0;5;A;0;2;A;17;16;2;11;11;14;2;3;2;1;0;0;7,5;3,75;1,53;93,49;62,81;59,35;585;15;19
01/04/2017;Malaga;Ath Madrid;0;2;A;0;1;A;21;7;5;6;9;11;6;0;2;2;0;0;5,25;3,5;1,75;80,13;73,78;88,43;585;17;19
10/02/2018;Malaga;Ath Madrid;0;1;A;0;1;A;13;5;3;1;22;19;3;3;3;2;0;0;7,5;3,6;1,57;49,27;46,53;88,43;585;17;19
27/11/2016;Osasuna;Ath Madrid;0;3;A;0;2;A;11;7;1;5;9;6;7;4;2;2;0;0;11;5,25;1,3;53,12;89,3;36,8;585;9;19
08/04/2017;Real Madrid;Ath Madrid;1;1;D;0;0;D;20;10;6;4;12;13;6;2;2;3;0;0;1,8;3,8;4,33;80,1;68,0;743,1;585;18;19
08/04/2018;Real Madrid;Ath Madrid;1;1;D;0;0;D;30;9;8;5;12;17;11;2;2;3;0;0;1,75;3,75;4,75;59,48;55,03;743,1;585;18;19
23/10/2016;Sevilla;Ath Madrid;1;0;H;0;0;D;12;9;5;3;15;11;4;5;4;2;0;1;4;3,5;1,95;71,01;68,02;236,4;585;24;19
25/02/2018;Sevilla;Ath Madrid;2;5;A;0;2;A;10;13;5;8;10;24;5;4;3;3;0;0;3,39;3,2;2,25;70,23;72,38;236,4;585;24;19
05/11/2016;Sociedad;Ath Madrid;2;0;H;0;0;D;12;9;3;2;18;20;6;6;2;4;0;0;5,75;3,6;1,67;67,38;67,25;165,1;585;6;19
19/04/2018;Sociedad;Ath Madrid;3;0;H;1;0;H;12;9;4;2;13;13;6;6;1;0;0;0;3,29;3,29;2,25;58,57;62,38;165,1;585;6;19
18/02/2017;Sp Gijon;Ath Madrid;1;4;A;0;0;D;15;11;2;6;12;10;12;3;1;1;0;0;7,5;4;1,5;83,52;73,1;50,5;585;9;19
02/10/2016;Valencia;Ath Madrid;0;2;A;0;0;D;14;17;5;10;10;15;6;5;1;3;0;0;4,5;3,5;1,85;73,04;96,69;269,45;585;20;19
09/09/2017;Valencia;Ath Madrid;0;0;D;0;0;D;11;13;0;4;16;14;4;3;1;0;0;0;3,6;3,2;2,2;64,1;42,58;269,45;585;20;19
12/12/2016;Villarreal;Ath Madrid;3;0;H;2;0;H;9;13;5;3;13;13;2;7;3;3;0;0;4,5;3,5;1,85;78,12;88,89;196,7;585;15;19
18/03/2018;Villarreal;Ath Madrid;2;1;H;0;1;A;17;8;5;2;13;16;5;4;5;3;0;1;4,2;3,1;2,04;38,22;34,37;196,7;585;15;19
11/02/2017;Alaves;Barcelona;0;6;A;0;2;A;9;21;4;9;16;9;3;9;1;3;0;0;10;5,5;1,3;69,59;70,75;64,85;772,5;11;17
26/08/2017;Alaves;Barcelona;0;2;A;0;0;D;11;23;2;11;12;10;1;14;2;3;0;0;10;5,75;1,29;71,02;92,56;64,85;772,5;11;17
28/08/2016;Ath Bilbao;Barcelona;0;1;A;0;1;A;9;12;4;3;20;13;4;4;5;4;0;0;6,5;4,33;1,5;62,45;62,13;188,5;772,5;1;17
28/10/2017;Ath Bilbao;Barcelona;0;2;A;0;1;A;17;17;5;5;15;12;6;4;1;4;0;0;7;4,5;1,44;43,36;37,14;188,5;772,5;1;17
26/02/2017;Ath Madrid;Barcelona;1;2;A;0;0;D;12;15;4;6;28;14;6;5;4;2;0;0;3;3,4;2,38;86,48;95,76;585;772,5;19;17
14/10/2017;Ath Madrid;Barcelona;1;1;D;1;0;H;5;15;4;7;12;10;2;1;3;2;0;0;3;3,4;2,38;65,45;93,48;585;772,5;19;17
29/01/2017;Betis;Barcelona;1;1;D;0;0;D;17;10;7;4;17;12;8;2;2;3;0;0;12;6;1,25;70,61;84,48;95,55;772,5;9;17
21/01/2018;Betis;Barcelona;0;5;A;0;0;D;7;14;2;10;12;9;4;2;2;2;0;0;10;6;1,28;64,18;69,86;95,55;772,5;9;17
02/10/2016;Celta;Barcelona;4;3;H;3;0;H;14;13;9;4;16;11;3;6;1;3;0;0;8;4,75;1,4;74,44;90,51;114,565;772,5;16;17
17/04/2018;Celta;Barcelona;2;2;D;1;1;D;18;14;8;6;9;7;6;4;3;0;0;1;4,75;4,33;1,64;61,89;72,97;114,565;772,5;16;17
22/01/2017;Eibar;Barcelona;0;4;A;0;1;A;14;14;6;7;12;4;8;5;3;1;0;0;9,5;6;1,29;68,54;54,91;71,75;772,5;9;17
17/02/2018;Eibar;Barcelona;0;2;A;0;1;A;13;10;3;6;13;6;6;0;3;1;1;0;6,5;4,75;1,44;49,76;36,1;71,75;772,5;9;17
29/04/2017;Espanol;Barcelona;0;3;A;0;0;D;6;15;3;9;19;18;4;5;3;0;0;0;15;7,5;1,18;76,89;44,14;85,45;772,5;7;17
04/02/2018;Espanol;Barcelona;1;1;D;0;0;D;7;12;2;2;15;12;0;7;5;3;0;0;9,5;5,25;1,33;45,03;37,28;85,45;772,5;7;17
16/09/2017;Getafe;Barcelona;1;2;A;1;0;H;13;7;4;5;15;14;3;4;2;4;0;0;11;6,5;1,25;61,68;94,05;48,75;772,5;18;17
23/09/2017;Girona;Barcelona;0;3;A;0;1;A;13;9;2;5;21;5;9;3;3;0;0;0;12;6;1,25;64,9;92,62;35,6;772,5;13;17
02/04/2017;Granada;Barcelona;1;4;A;0;1;A;7;26;5;13;15;10;1;9;1;3;1;0;13;7,5;1,2;80,7;56,2;85,5;772,5;30;17
12/03/2017;La Coruna;Barcelona;2;1;H;1;0;H;14;16;9;5;7;8;4;8;2;0;0;0;13;6,5;1,22;68,38;96,47;92,8;772,5;16;17
14/05/2017;Las Palmas;Barcelona;1;4;A;0;2;A;11;11;5;5;13;15;3;6;0;1;0;0;26;11;1,08;83,12;70,89;123;772,5;15;17
01/03/2018;Las Palmas;Barcelona;1;1;D;0;1;A;12;10;1;4;18;13;6;6;6;3;0;0;15;7,5;1,18;65,39;56,23;123;772,5;15;17
17/09/2016;Leganes;Barcelona;1;5;A;0;3;A;15;10;6;7;28;7;2;5;4;2;0;0;17;7;1,18;66,79;70,28;53,63;772,5;15;17
18/11/2017;Leganes;Barcelona;0;3;A;0;1;A;18;11;7;7;25;10;6;3;1;2;0;0;9,5;5,25;1,33;71,18;93,91;53,63;772,5;15;17
08/04/2017;Malaga;Barcelona;2;0;H;1;0;H;8;11;4;3;26;20;2;3;4;3;0;1;8;5,25;1,36;91,64;87,06;88,43;772,5;17;17
10/03/2018;Malaga;Barcelona;0;2;A;0;2;A;6;20;2;9;15;9;2;5;1;1;1;0;13;6;1,25;73,33;75,78;88,43;772,5;17;17
10/12/2016;Osasuna;Barcelona;0;3;A;0;0;D;4;17;1;6;18;6;2;5;3;0;0;0;15;7,5;1,18;78,0;73,56;36,8;772,5;9;17
23/04/2017;Real Madrid;Barcelona;2;3;A;1;1;D;22;16;14;9;13;8;7;4;2;2;1;0;2,05;4;3,2;68,6;69,19;743,1;772,5;18;17
23/12/2017;Real Madrid;Barcelona;0;3;A;0;0;D;14;18;5;11;14;10;7;7;2;2;1;0;2,1;3,75;3,1;36,06;56,61;743,1;772,5;18;17
06/11/2016;Sevilla;Barcelona;1;2;A;1;1;D;15;14;4;7;18;12;3;5;4;6;0;0;5,25;4,2;1,62;80,02;67,76;236,4;772,5;24;17
31/03/2018;Sevilla;Barcelona;2;2;D;1;0;H;21;20;6;9;11;7;5;9;2;0;0;0;4,75;4;1,66;69,8;69,84;236,4;772,5;24;17
27/11/2016;Sociedad;Barcelona;1;1;D;0;0;D;17;10;6;2;16;11;8;6;2;4;0;0;7;4,75;1,44;73,05;51,04;165,1;772,5;6;17
14/01/2018;Sociedad;Barcelona;2;4;A;2;1;H;15;11;6;5;15;13;7;3;2;2;0;0;6,5;5;1,44;64,29;71,12;165,1;772,5;6;17
24/09/2016;Sp Gijon;Barcelona;0;5;A;0;2;A;10;13;3;7;15;10;4;3;1;0;1;0;13;6,5;1,22;65,13;92,22;50,5;772,5;9;17
22/10/2016;Valencia;Barcelona;2;3;A;0;1;A;7;15;4;8;15;13;3;1;5;4;0;0;7;5,25;1,4;50,06;58,84;269,45;772,5;20;17
26/11/2017;Valencia;Barcelona;1;1;D;0;0;D;8;12;1;8;12;11;3;9;4;0;0;0;4;3,89;1,85;51,26;55,85;269,45;772,5;20;17
08/01/2017;Villarreal;Barcelona;1;1;D;0;0;D;6;20;3;7;16;13;2;4;1;2;1;0;6;4,33;1,53;80,78;96,1;196,7;772,5;15;17
10/12/2017;Villarreal;Barcelona;0;2;A;0;0;D;9;16;5;6;18;13;2;4;2;1;1;0;6;4,33;1,53;63,64;83,55;196,7;772,5;15;17
16/12/2016;Alaves;Betis;1;0;H;0;0;D;10;6;2;3;20;6;6;4;6;1;0;0;2,3;3,1;3,4;65,45;67,02;64,85;99,5;11;9
12/03/2018;Alaves;Betis;1;3;A;0;2;A;9;10;1;4;18;17;6;2;2;3;0;0;2,14;3,29;3,6;66,07;67,01;64,85;99,5;11;9
27/04/2017;Ath Bilbao;Betis;2;1;H;0;0;D;18;9;9;3;10;17;11;1;1;3;0;0;1,4;4,5;9;81,05;71,91;188,5;99,5;1;9
14/01/2017;Ath Madrid;Betis;1;0;H;1;0;H;6;10;3;6;15;17;9;2;1;3;0;0;1,2;6,5;17;63,45;75,59;585;99,5;19;9
22/04/2018;Ath Madrid;Betis;0;0;D;0;0;D;10;10;2;4;17;14;8;3;2;5;0;0;1,61;3,75;6;37,05;47,45;585;99,5;19;9
20/08/2016;Barcelona;Betis;6;2;H;3;1;H;30;6;12;2;17;13;10;2;1;3;0;0;1,08;11;29;96,35;69,95;772,5;99,5;17;9
20/08/2017;Barcelona;Betis;2;0;H;2;0;H;15;3;2;0;16;15;8;0;2;1;0;0;1,17;8;15;39,06;46,51;772,5;99,5;17;9
23/04/2017;Celta;Betis;0;1;A;0;0;D;8;17;4;6;16;15;5;6;3;5;0;0;2,05;3,4;3,75;76,27;68,3;114,565;99,5;16;9
29/01/2018;Celta;Betis;3;2;H;1;0;H;13;7;5;3;13;8;7;2;1;5;0;0;1,75;3,75;4,75;72,54;63,57;114,565;99,5;16;9
25/11/2016;Eibar;Betis;3;1;H;2;0;H;16;7;9;2;11;7;5;1;0;1;0;1;1,95;3,4;4,2;67,45;67,87;71,75;99,5;9;9
20/11/2017;Eibar;Betis;5;0;H;2;0;H;17;4;7;0;10;9;5;2;2;2;0;1;2,39;3,29;3;64,5;68,87;71,75;99,5;9;9
31/03/2017;Espanol;Betis;2;1;H;0;0;D;8;10;5;3;16;14;4;4;3;2;0;0;2,3;3,2;3,3;72,3;68,68;85,45;99,5;7;9
30/10/2017;Espanol;Betis;1;0;H;0;0;D;10;9;4;4;10;17;5;3;2;5;0;0;2,14;3,39;3,39;53,15;33,82;85,45;99,5;7;9
02/04/2018;Getafe;Betis;0;1;A;0;0;D;8;7;4;4;21;9;4;0;4;2;0;0;1,95;3,5;3,75;72,94;69,92;48,75;99,5;18;9
13/04/2018;Girona;Betis;0;1;A;0;1;A;9;10;4;2;23;18;6;4;7;5;0;0;2,29;3,39;3,1;69,12;71,98;35,6;99,5;13;9
17/02/2017;Granada;Betis;4;1;H;3;0;H;10;6;8;2;18;9;4;7;4;1;1;1;3;3,2;2,5;47,15;69,84;85,5;99,5;30;9
08/03/2017;La Coruna;Betis;1;1;D;0;0;D;15;5;5;3;22;17;6;4;4;7;0;0;2,15;3,2;3,7;68,43;67,2;92,8;99,5;16;9
12/02/2018;La Coruna;Betis;0;1;A;0;0;D;16;10;2;4;19;7;8;1;2;0;0;0;2,2;3,6;3,1;59,48;63,36;92,8;99,5;16;9
09/04/2017;Las Palmas;Betis;4;1;H;1;0;H;9;13;6;5;16;18;2;6;3;4;0;0;2,1;3,5;3,5;51,41;67,97;123;99,5;15;9
03/12/2017;Las Palmas;Betis;1;0;H;1;0;H;21;8;7;2;12;21;6;4;1;7;0;1;2,2;3,5;3,1;43,14;41,47;123;99,5;15;9
08/05/2017;Leganes;Betis;4;0;H;2;0;H;6;13;4;3;18;13;2;2;3;0;0;0;1,65;3,8;5,75;69,18;66,61;53,63;99,5;15;9
26/02/2018;Levante;Betis;0;2;A;0;0;D;12;15;2;6;17;8;5;5;5;2;0;0;2,5;3,29;2,87;43,81;40,12;59,35;99,5;15;9
28/02/2017;Malaga;Betis;1;2;A;1;0;H;15;11;4;5;8;16;7;5;3;5;0;0;1,95;3,5;4;77,68;74,34;88,43;99,5;17;9
18/12/2017;Malaga;Betis;0;2;A;0;1;A;18;10;2;4;15;15;3;4;2;2;1;0;2;3,39;3,79;65,76;63,13;88,43;99,5;17;9
21/10/2016;Osasuna;Betis;1;2;A;0;1;A;13;12;5;6;20;12;6;4;3;2;1;0;2,4;3,2;3,1;55,98;67,87;36,8;99,5;9;9
12/03/2017;Real Madrid;Betis;2;1;H;1;1;D;14;9;4;4;8;21;8;4;1;0;0;1;1,13;9;21;72,72;80,1;743,1;99,5;18;9
20/09/2017;Real Madrid;Betis;0;1;A;0;0;D;27;12;7;4;13;11;12;3;0;3;0;0;1,13;10;17;93,07;67,25;743,1;99,5;18;9
20/09/2016;Sevilla;Betis;1;0;H;0;0;D;12;8;3;3;24;17;6;2;5;4;0;0;1,45;4,5;7;78,93;70,13;236,4;99,5;24;9
06/01/2018;Sevilla;Betis;3;5;A;2;2;D;14;9;3;5;16;18;12;0;3;6;0;0;1,5;4,33;6,5;77,35;63,9;236,4;99,5;24;9
30/09/2016;Sociedad;Betis;1;0;H;0;0;D;16;5;8;2;17;22;4;2;2;3;0;0;1,8;3,5;4,75;72,88;70,19;165,1;99,5;6;9
01/10/2017;Sociedad;Betis;4;4;D;2;2;D;17;10;6;6;9;18;12;5;3;3;0;0;1,95;3,6;3,8;43,0;44,73;165,1;99,5;6;9
20/05/2017;Sp Gijon;Betis;2;2;D;1;1;D;11;21;5;9;15;14;2;3;0;2;0;0;2,5;3,4;2,8;79,43;49,09;50,5;99,5;9;9
11/09/2016;Valencia;Betis;2;3;A;0;1;A;23;12;9;5;15;21;5;5;2;4;1;0;1,65;4,2;5;67,17;75,61;269,45;99,5;20;9
04/03/2018;Valencia;Betis;2;0;H;1;0;H;12;9;6;4;14;11;7;0;1;4;0;0;1,44;4,75;6,5;94,1;86,39;269,45;99,5;20;9
06/11/2016;Villarreal;Betis;2;0;H;1;0;H;15;7;7;3;16;12;10;1;0;2;0;0;1,5;4,2;7;82,61;96,07;196,7;99,5;15;9
10/09/2017;Villarreal;Betis;3;1;H;1;1;D;14;8;7;3;9;9;4;3;3;0;0;0;1,85;3,6;4,33;76,91;58,45;196,7;99,5;15;9
14/05/2017;Alaves;Celta;3;1;H;3;0;H;11;15;4;4;11;13;4;4;1;3;0;0;1,8;3,4;5;72,11;68,15;64,85;114,565;11;16
03/02/2018;Alaves;Celta;2;1;H;2;0;H;9;16;3;4;13;11;2;1;3;2;0;0;2,62;3,2;2,79;72,05;73,61;64,85;114,565;11;16
19/12/2016;Ath Bilbao;Celta;2;1;H;0;0;D;10;10;7;4;16;13;9;7;4;2;0;1;1,83;3,5;4,33;76,67;70,85;188,5;114,565;1;16
31/03/2018;Ath Bilbao;Celta;1;1;D;0;0;D;11;13;2;3;10;10;4;5;3;1;0;0;2,04;3,29;3,6;72,95;57,8;188,5;114,565;1;16
12/02/2017;Ath Madrid;Celta;3;2;H;1;1;D;16;14;5;6;11;13;3;3;1;2;0;0;1,4;4,5;8,5;79,74;70,48;585;114,565;19;16
11/03/2018;Ath Madrid;Celta;3;0;H;1;0;H;7;8;3;2;14;10;6;4;1;2;0;0;1,39;4,75;8;66,95;76,06;585;114,565;19;16
04/03/2017;Barcelona;Celta;5;0;H;2;0;H;19;7;9;2;10;16;10;1;1;3;0;0;1,13;8,5;23;65,3;50,18;772,5;114,565;17;16
02/12/2017;Barcelona;Celta;2;2;D;1;1;D;21;10;7;5;11;12;4;1;3;6;0;0;1,12;10;17;83,77;76,56;772,5;114,565;17;16
04/12/2016;Betis;Celta;3;3;D;1;1;D;16;13;5;6;22;14;4;3;4;1;1;0;2,38;3,25;3,1;65,26;67,81;95,55;114,565;9;16
25/08/2017;Betis;Celta;2;1;H;1;1;D;10;9;3;2;13;9;4;6;2;2;0;0;2,2;3,4;3,4;32,69;40,21;95,55;114,565;9;16
19/11/2016;Eibar;Celta;1;0;H;1;0;H;12;6;5;2;11;13;7;0;2;5;0;2;2,38;3,25;3,1;66,87;73,43;71,75;114,565;9;16
24/09/2017;Eibar;Celta;0;4;A;0;3;A;9;10;0;6;14;5;4;4;2;1;0;0;2,2;3,3;3,4;67,04;63,74;71,75;114,565;9;16
25/09/2016;Espanol;Celta;0;2;A;0;0;D;10;12;2;4;15;13;4;7;2;3;0;0;2,25;3,3;3,3;90,51;66,5;85,45;114,565;7;16
18/09/2017;Espanol;Celta;2;1;H;2;0;H;9;11;3;1;12;14;3;5;1;4;0;0;2,3;3,3;3,2;66,25;67,54;85,45;114,565;7;16
19/02/2018;Getafe;Celta;3;0;H;1;0;H;9;4;5;1;21;15;5;5;4;3;0;0;2,5;3,29;2,87;70,73;72,6;48,75;114,565;18;16
27/02/2018;Girona;Celta;1;0;H;1;0;H;11;10;2;2;9;10;6;4;3;2;0;0;2,29;3,5;3;70,94;71,13;35,6;114,565;13;16
16/04/2017;Granada;Celta;0;3;A;0;1;A;17;15;4;4;17;9;8;1;5;2;0;0;2,8;3,3;2,45;73,37;80,54;85,5;114,565;30;16
19/03/2017;La Coruna;Celta;0;1;A;0;0;D;9;9;2;2;21;12;3;1;4;4;0;0;2,2;3,3;3,4;55,34;49,19;92,8;114,565;16;16
23/12/2017;La Coruna;Celta;1;3;A;0;2;A;15;7;4;3;20;16;3;1;2;2;0;0;2,54;3,29;2,7;93,33;94,4;92,8;114,565;16;16
30/10/2016;Las Palmas;Celta;3;3;D;0;3;A;17;9;8;6;13;22;8;1;2;6;0;1;2,3;3,3;3,2;67,23;73,83;123;114,565;15;16
16/10/2017;Las Palmas;Celta;2;5;A;0;2;A;24;14;11;7;13;12;14;3;2;1;0;1;2,38;3,3;3,1;32,09;40,92;123;114,565;15;16
28/01/2017;Leganes;Celta;0;2;A;0;1;A;6;3;0;3;20;14;8;0;1;1;0;0;2,3;3,1;3,4;68,56;70,69;53,63;114,565;15;16
14/04/2018;Leganes;Celta;1;0;H;0;0;D;19;5;7;2;22;17;8;3;3;3;0;0;3,1;3,2;2,39;47,1;34,7;53,63;114,565;15;16
14/01/2018;Levante;Celta;0;1;A;0;1;A;15;3;5;2;19;7;6;2;4;3;0;0;3;3,25;2,45;54,41;36,6;59,35;114,565;15;16
07/05/2017;Malaga;Celta;3;0;H;1;0;H;14;5;8;2;13;18;2;1;2;4;0;0;1,4;4,5;7,5;67,05;70,27;88,43;114,565;17;16
29/10/2017;Malaga;Celta;2;1;H;1;0;H;15;10;4;2;20;12;4;1;2;3;0;0;3,1;3,39;2,29;61,44;93,24;88,43;114,565;17;16
18/09/2016;Osasuna;Celta;0;0;D;0;0;D;9;13;2;5;18;13;3;5;4;1;0;0;2,9;3,1;2,6;78,74;72,47;36,8;114,565;9;16
27/08/2016;Real Madrid;Celta;2;1;H;0;0;D;24;8;10;3;8;11;7;2;0;2;0;0;1,18;7;17;68,13;88,76;743,1;114,565;18;16
27/04/2017;Sevilla;Celta;2;1;H;0;0;D;16;10;5;1;20;18;5;1;1;2;0;1;1,33;5,5;8;80,96;69,57;236,4;114,565;24;16
18/11/2017;Sevilla;Celta;2;1;H;1;1;D;12;11;5;5;20;17;1;2;3;2;0;0;1,72;3,79;4,75;33,85;41,08;236,4;114,565;24;16
22/01/2017;Sociedad;Celta;1;0;H;0;0;D;17;11;6;5;13;12;4;3;2;2;0;0;1,95;3,6;3,8;69,64;96,4;165,1;114,565;6;16
21/01/2018;Sociedad;Celta;1;2;A;1;1;D;16;10;2;3;10;7;8;3;1;2;0;0;1,85;3,89;4;91,39;63,47;165,1;114,565;6;16
26/02/2017;Sp Gijon;Celta;1;1;D;0;0;D;20;16;6;5;9;17;7;5;2;4;1;0;2,63;3,4;2,63;75,06;49,78;50,5;114,565;9;16
06/04/2017;Valencia;Celta;3;2;H;1;1;D;15;12;10;3;16;9;6;2;1;1;0;0;2;3,5;3,75;72,22;73,46;269,45;114,565;20;16
09/12/2017;Valencia;Celta;2;1;H;1;0;H;13;13;7;5;16;12;10;2;2;5;0;0;1,66;4;5;39,08;54,07;269,45;114,565;20;16
16/10/2016;Villarreal;Celta;5;0;H;3;0;H;11;4;5;1;19;12;3;5;1;4;0;1;1,85;3,4;4,75;79,24;75,23;196,7;114,565;15;16
27/04/2017;Alaves;Eibar;0;0;D;0;0;D;14;6;4;4;13;14;3;2;4;2;0;1;2,75;3,2;2,7;69,63;75,22;64,85;71,75;11;9
25/11/2017;Alaves;Eibar;1;2;A;0;1;A;6;11;2;6;18;19;2;5;7;3;1;1;2,5;3,1;3,1;61,88;67,36;64,85;71,75;11;9
04/12/2016;Ath Bilbao;Eibar;3;1;H;1;0;H;12;10;5;4;9;16;2;2;1;4;0;0;1,85;3,4;4,75;76,75;68,66;188,5;71,75;1;9
26/01/2018;Ath Bilbao;Eibar;1;1;D;0;0;D;7;14;1;2;15;14;3;7;0;0;0;0;1,9;3,39;4,33;38,88;36,29;188,5;71,75;1;9
06/05/2017;Ath Madrid;Eibar;1;0;H;0;0;D;14;7;5;3;6;10;6;5;3;3;1;0;1,3;5,25;11;55,92;63,45;585;71,75;19;9
21/05/2017;Barcelona;Eibar;4;2;H;0;1;A;18;6;11;4;3;16;10;4;1;2;0;1;1,05;15;34;67,59;76,78;772,5;71,75;17;9
19/09/2017;Barcelona;Eibar;6;1;H;2;0;H;11;13;10;4;4;9;7;7;0;2;0;0;1,11;10;15;72,28;65,77;772,5;71,75;17;9
16/04/2017;Betis;Eibar;2;0;H;1;0;H;6;10;4;3;15;19;4;6;4;4;0;0;2,7;3,2;2,63;67,76;70,88;95,55;71,75;9;9
07/04/2018;Betis;Eibar;2;0;H;1;0;H;13;5;4;2;10;11;7;8;2;2;0;0;2,25;3,39;3,25;34,29;31,03;95,55;71,75;9;9
09/04/2017;Celta;Eibar;0;2;A;0;1;A;12;11;3;6;10;16;0;3;1;3;0;0;2,25;3,4;3,25;48,76;72,33;114,565;71,75;16;9
24/02/2018;Celta;Eibar;2;0;H;0;0;D;8;15;3;2;11;16;3;9;2;3;0;0;2;3,5;3,7;41,1;36,48;114,565;71,75;16;9
22/10/2016;Espanol;Eibar;3;3;D;0;3;A;11;8;5;3;11;12;7;6;1;6;1;0;2,05;3,4;3,8;67,52;65,43;85,45;71,75;7;9
18/04/2018;Espanol;Eibar;0;1;A;0;1;A;10;5;4;1;17;17;3;6;3;2;0;0;2,29;3,1;3,39;67,44;71,21;85,45;71,75;7;9
09/12/2017;Getafe;Eibar;0;0;D;0;0;D;6;7;3;2;14;13;9;7;1;4;0;0;2,04;3,39;3,75;69,85;69,3;48,75;71,75;18;9
11/09/2016;Granada;Eibar;1;2;A;0;1;A;15;10;5;8;7;8;6;7;2;0;0;1;2,15;3,25;3,5;62,46;67,93;85,5;71,75;30;9
19/08/2016;La Coruna;Eibar;2;1;H;0;0;D;11;12;6;6;14;17;1;8;3;3;0;0;1,95;3,4;4,2;72,57;56,93;92,8;71,75;16;9
03/03/2018;La Coruna;Eibar;1;1;D;1;1;D;7;16;2;3;6;8;2;9;1;2;1;0;2,79;3,1;2,7;70,41;71,25;92,8;71,75;16;9
05/11/2016;Las Palmas;Eibar;1;0;H;0;0;D;16;13;6;5;10;20;7;4;1;4;0;0;1,91;3,5;4;76,09;91,14;123;71,75;15;9
06/01/2018;Las Palmas;Eibar;1;2;A;1;0;H;4;14;2;5;13;17;4;3;3;3;0;0;2,54;3,39;2,75;49,24;36,59;123;71,75;15;9
18/12/2016;Leganes;Eibar;1;1;D;1;0;H;8;15;2;4;10;10;3;6;2;2;1;0;2,55;3,1;2,88;96,19;70,75;53,63;71,75;15;9
10/02/2018;Leganes;Eibar;0;1;A;0;0;D;2;19;0;6;14;6;1;10;4;2;1;0;2,87;3,1;2,62;71,93;65,42;53,63;71,75;15;9
16/03/2018;Levante;Eibar;2;1;H;1;0;H;6;13;3;4;11;11;4;5;4;3;0;0;3,2;3,2;2,37;57,11;74,0;59,35;71,75;15;9
20/09/2016;Malaga;Eibar;2;1;H;1;1;D;14;12;6;3;7;13;7;5;2;4;0;0;1,85;3,4;4,75;70,26;63,32;88,43;71,75;17;9
21/08/2017;Malaga;Eibar;0;1;A;0;0;D;10;13;4;6;16;15;3;7;2;3;0;0;2,1;3,3;3,7;56,6;75,02;88,43;71,75;17;9
13/03/2017;Osasuna;Eibar;1;1;D;0;0;D;10;14;6;7;15;14;6;6;4;4;0;0;3,6;3,4;2,1;50,51;73,94;36,8;71,75;9;9
02/10/2016;Real Madrid;Eibar;1;1;D;1;1;D;15;7;3;4;8;15;7;5;4;5;0;0;1,08;11;26;67,73;78,67;743,1;71,75;18;9
22/10/2017;Real Madrid;Eibar;3;0;H;2;0;H;15;9;7;2;9;7;5;2;1;1;0;0;1,09;11;23;46,48;42,71;743,1;71,75;18;9
18/02/2017;Sevilla;Eibar;2;0;H;1;0;H;11;11;5;3;13;11;5;2;2;3;0;0;1,45;4,5;7;69,78;66,18;236,4;71,75;24;9
09/09/2017;Sevilla;Eibar;3;0;H;0;0;D;12;7;6;2;14;18;6;5;1;1;0;0;1,57;4;6;72,19;82,64;236,4;71,75;24;9
28/02/2017;Sociedad;Eibar;2;2;D;1;1;D;14;13;7;4;12;20;3;5;3;4;1;1;1,85;3,5;4,5;69,7;66,58;165,1;71,75;6;9
05/11/2017;Sociedad;Eibar;3;1;H;2;0;H;10;9;6;5;10;17;3;6;0;3;0;0;1,61;4;5,5;68,51;72,64;165,1;71,75;6;9
15/01/2017;Sp Gijon;Eibar;2;3;A;1;3;A;10;18;4;7;13;16;2;4;4;0;0;0;2,9;3,1;2,6;49,94;51,06;50,5;71,75;9;9
04/02/2017;Valencia;Eibar;0;4;A;0;2;A;8;11;1;7;12;10;2;6;2;1;1;0;1,91;3,6;4;73,57;69,04;269,45;71,75;20;9
01/04/2017;Villarreal;Eibar;2;3;A;1;0;H;15;14;7;4;9;10;11;5;4;3;0;0;1,85;3,6;4,33;68,18;86,35;196,7;71,75;15;9
01/10/2017;Villarreal;Eibar;3;0;H;1;0;H;12;8;6;1;15;9;6;3;2;1;0;0;1,83;3,6;4,33;38,98;49,4;196,7;71,75;15;9
20/11/2016;Alaves;Espanol;0;1;A;0;0;D;10;10;4;3;20;14;2;5;5;2;0;0;2,5;3,1;3,1;64,34;67,31;64,85;85,45;11;7
04/11/2017;Alaves;Espanol;1;0;H;1;0;H;17;9;6;3;29;9;3;8;7;2;0;1;2,87;3,1;2,7;77,76;72,0;64,85;85,45;11;7
04/04/2017;Ath Bilbao;Espanol;2;0;H;2;0;H;13;5;5;2;19;16;5;1;1;3;0;0;1,5;4,2;7;77,85;71,76;188,5;85,45;1;7
03/12/2016;Ath Madrid;Espanol;0;0;D;0;0;D;11;5;3;3;10;19;9;2;2;2;0;0;1,22;6;15;50,78;82,23;585;85,45;19;7
18/12/2016;Barcelona;Espanol;4;1;H;1;0;H;14;4;7;1;11;16;5;2;0;3;0;0;1,1;10;26;64,86;68,26;772,5;85,45;17;7
09/09/2017;Barcelona;Espanol;5;0;H;2;0;H;20;9;9;1;11;18;8;7;1;5;0;0;1,17;8;17;93,03;58,59;772,5;85,45;17;7
30/10/2016;Betis;Espanol;0;1;A;0;0;D;13;10;5;5;15;15;8;3;3;3;0;0;2,25;3,25;3,4;76,72;55,12;95,55;85,45;9;7
17/03/2018;Betis;Espanol;3;0;H;1;0;H;9;4;4;1;15;11;3;5;1;3;0;0;2,2;3,39;3,29;58,33;55,78;95,55;85,45;9;7
01/03/2017;Celta;Espanol;2;2;D;2;2;D;8;8;4;2;16;8;1;3;2;2;1;0;1,91;3,4;4,33;51,45;79,32;114,565;85,45;16;7
11/02/2018;Celta;Espanol;2;2;D;1;1;D;18;3;7;2;9;16;9;1;3;4;0;0;1,9;3,6;4;71,78;70,54;114,565;85,45;16;7
18/03/2017;Eibar;Espanol;1;1;D;1;0;H;16;4;4;1;12;13;6;2;2;4;0;0;1,91;3,5;4,2;68,37;50,7;71,75;85,45;9;7
03/12/2017;Eibar;Espanol;3;1;H;2;0;H;10;6;5;3;13;16;3;2;3;3;0;0;2,37;3,1;3,29;70,15;74,13;71,75;85,45;9;7
15/04/2018;Getafe;Espanol;1;0;H;0;0;D;13;5;4;0;19;13;4;3;6;2;1;0;2,14;3,1;3,75;44,67;60,48;48,75;85,45;18;7
22/04/2018;Girona;Espanol;0;2;A;0;1;A;20;5;6;4;18;18;10;0;1;2;0;0;2,14;3,25;3,6;69,3;66,45;35,6;85,45;13;7
19/05/2017;Granada;Espanol;1;2;A;1;2;A;16;5;7;3;12;9;3;3;0;3;0;0;4,5;4;1,73;43,58;70,36;85,5;85,45;30;7
07/05/2017;La Coruna;Espanol;1;2;A;0;2;A;21;9;5;3;10;14;12;4;1;2;0;0;2;3,4;4;72,89;49,34;92,8;85,45;16;7
23/02/2018;La Coruna;Espanol;0;0;D;0;0;D;17;9;4;1;9;10;4;2;5;1;0;0;2,54;3,2;2,87;51,34;48,9;92,8;85,45;16;7
14/10/2016;Las Palmas;Espanol;0;0;D;0;0;D;13;5;8;2;13;21;8;4;2;3;0;0;1,95;3,4;4,2;66,86;67,21;123;85,45;15;7
17/12/2017;Las Palmas;Espanol;2;2;D;0;2;A;14;8;5;3;6;25;9;2;3;3;0;0;2,5;3,29;2,87;71,5;69,97;123;85,45;15;7
16/04/2017;Leganes;Espanol;0;1;A;0;0;D;15;7;5;2;20;14;5;1;1;1;0;0;2;3,2;4;67,14;76,85;53,63;85,45;15;7
28/01/2018;Leganes;Espanol;3;2;H;1;0;H;11;12;6;4;20;19;1;7;2;4;0;0;2,37;2,79;3,5;48,52;38,37;53,63;85,45;15;7
04/03/2018;Levante;Espanol;1;1;D;0;0;D;13;15;4;3;14;13;2;1;0;3;0;0;3,1;3,1;2,45;24,33;38,97;59,35;85,45;15;7
04/02/2017;Malaga;Espanol;0;1;A;0;1;A;19;4;5;3;9;18;17;2;1;4;0;0;2,1;3,4;3,6;86,47;63,18;88,43;85,45;17;7
08/01/2018;Malaga;Espanol;0;1;A;0;1;A;17;6;2;3;18;11;6;5;2;3;0;0;2,54;3;3,1;63,69;66,29;88,43;85,45;17;7
22/09/2016;Osasuna;Espanol;1;2;A;0;1;A;17;10;11;2;16;14;7;1;2;1;0;0;2,88;3,2;2,6;56,39;68,32;36,8;85,45;9;7
18/02/2017;Real Madrid;Espanol;2;0;H;1;0;H;12;3;3;1;12;13;13;2;3;4;0;0;1,14;8;21;92,61;71,45;743,1;85,45;18;7
01/10/2017;Real Madrid;Espanol;2;0;H;1;0;H;22;8;8;3;8;10;10;3;2;2;0;0;1,1;10;23;39,43;49,18;743,1;85,45;18;7
20/08/2016;Sevilla;Espanol;6;4;H;3;3;D;16;10;11;7;8;15;8;2;2;2;0;0;1,67;4;5;78,76;68,75;236,4;85,45;24;7
19/08/2017;Sevilla;Espanol;1;1;D;1;1;D;9;9;4;6;14;12;7;3;2;4;1;0;1,62;4;5,5;41,57;59,13;236,4;85,45;24;7
09/09/2016;Sociedad;Espanol;1;1;D;0;0;D;9;4;3;1;10;10;11;1;2;2;0;1;2,05;3,4;3,75;72,8;68,14;165,1;85,45;6;7
23/10/2017;Sociedad;Espanol;1;1;D;0;1;A;19;4;5;1;12;15;10;1;4;4;1;0;1,85;3,79;4;33,91;27,19;165,1;85,45;6;7
25/04/2017;Sp Gijon;Espanol;1;1;D;1;0;H;16;14;6;5;9;11;7;2;1;2;0;0;2,05;3,4;3,6;87,75;79,07;50,5;85,45;9;7
15/01/2017;Valencia;Espanol;2;1;H;1;0;H;10;6;5;3;17;13;6;3;5;0;0;0;1,91;3,6;4;85,01;92,62;269,45;85,45;20;7
08/04/2018;Valencia;Espanol;1;0;H;1;0;H;14;21;6;6;17;10;4;3;3;2;0;0;1,5;4,33;6,5;92,95;86,36;269,45;85,45;20;7
04/03/2017;Villarreal;Espanol;2;0;H;1;0;H;11;8;6;2;13;18;1;1;2;2;0;0;1,73;3,6;5,25;95,83;73,55;196,7;85,45;15;7
21/09/2017;Villarreal;Espanol;0;0;D;0;0;D;14;10;5;3;17;10;5;5;5;2;0;0;1,73;3,5;5,5;59,57;77,2;196,7;85,45;15;7
07/04/2018;Alaves;Getafe;2;0;H;0;0;D;11;5;2;1;17;22;1;3;2;3;0;0;2,45;3;3,2;64,47;72,37;64,85;48,75;11;18
20/08/2017;Ath Bilbao;Getafe;0;0;D;0;0;D;12;8;2;2;16;15;7;6;1;3;0;1;1,5;4;7,5;76,81;59,44;188,5;48,75;1;18
06/01/2018;Ath Madrid;Getafe;2;0;H;1;0;H;9;10;5;5;11;16;5;0;7;3;1;0;1,39;4,2;10;82,95;69,11;585;48,75;19;18
11/02/2018;Barcelona;Getafe;0;0;D;0;0;D;12;10;6;1;7;13;9;3;2;3;0;0;1,12;9;19;38,16;37,29;772,5;48,75;17;18
03/11/2017;Betis;Getafe;2;2;D;0;2;A;15;9;4;2;10;14;4;6;2;6;0;0;2;3,5;3,79;43,03;37,42;95,55;48,75;9;18
21/09/2017;Celta;Getafe;1;1;D;1;0;H;8;10;4;3;9;21;3;2;2;4;0;0;1,8;3,6;4,5;74,63;66,22;114,565;48,75;16;18
21/04/2018;Eibar;Getafe;0;1;A;0;1;A;12;7;2;4;15;16;8;3;4;1;0;0;2,04;3,2;4;48,61;37,96;71,75;48,75;9;18
27/11/2017;Espanol;Getafe;1;0;H;0;0;D;10;7;5;4;12;18;6;4;3;6;0;0;2;3,39;3,79;68,21;69,35;85,45;48,75;7;18
17/12/2017;Girona;Getafe;1;0;H;1;0;H;9;7;2;0;20;25;1;7;2;6;0;0;2,2;3,25;3,5;53,85;44,43;35,6;48,75;13;18
30/09/2017;La Coruna;Getafe;2;1;H;0;0;D;15;10;9;3;16;22;8;5;6;3;0;0;2,25;3,25;3,4;62,23;66,22;92,8;48,75;16;18
08/09/2017;Leganes;Getafe;1;2;A;0;1;A;11;11;7;3;14;20;2;4;1;2;0;0;2,05;3,25;4;71,16;60,14;53,63;48,75;15;18
21/10/2017;Levante;Getafe;1;1;D;0;0;D;5;9;1;5;18;16;3;2;1;3;0;0;2,37;3,2;3,2;69,26;64,93;59,35;48,75;15;18
03/03/2018;Real Madrid;Getafe;3;1;H;2;0;H;14;4;6;4;13;18;8;0;1;3;0;1;1,19;7,5;13;72,05;71,29;743,1;48,75;18;18
28/01/2018;Sevilla;Getafe;1;1;D;0;0;D;15;7;1;2;12;15;3;4;3;3;0;0;1,5;4,33;6,5;82,97;54,71;236,4;48,75;24;18
17/03/2018;Sociedad;Getafe;1;2;A;1;1;D;8;9;2;5;13;21;7;1;3;7;0;0;1,72;3,6;5,25;76,71;64,53;165,1;48,75;6;18
18/04/2018;Valencia;Getafe;1;2;A;0;1;A;10;8;3;3;10;14;7;5;1;7;1;0;1,44;4;8;92,37;70,43;269,45;48,75;20;18
25/02/2018;Villarreal;Getafe;1;0;H;1;0;H;10;3;4;2;14;21;2;8;5;3;0;0;1,75;3,75;4,75;71,75;62,51;196,7;48,75;15;18
19/04/2018;Alaves;Girona;1;2;A;0;0;D;11;14;5;5;15;12;3;6;4;4;0;0;2,37;3,1;3,29;66,58;68,09;64,85;35,6;11;13
10/09/2017;Ath Bilbao;Girona;2;0;H;1;0;H;7;11;4;7;19;18;6;4;4;6;0;0;1,67;3,75;5,5;64,43;75,92;188,5;35,6;1;13
20/01/2018;Ath Madrid;Girona;1;1;D;1;0;H;9;6;4;3;13;15;2;1;4;3;0;0;1,36;4,75;9,5;66,48;71,39;585;35,6;19;13
24/02/2018;Barcelona;Girona;6;1;H;4;1;H;21;10;14;4;11;11;5;3;1;1;0;0;1,14;8;19;70,88;74,44;772,5;35,6;17;13
25/11/2017;Betis;Girona;2;2;D;0;1;A;12;13;6;7;9;16;3;5;2;1;0;0;2;3,6;3,75;47,77;43,64;95,55;35,6;9;13
29/09/2017;Celta;Girona;3;3;D;2;2;D;16;10;9;6;9;17;5;6;2;5;0;0;1,67;3,6;5,75;34,06;45,07;114,565;35,6;16;13
21/12/2017;Eibar;Girona;4;1;H;2;1;H;16;6;6;1;14;18;3;2;1;2;0;0;2;3,39;3,75;44,27;28,64;71,75;35,6;9;13
11/12/2017;Espanol;Girona;0;1;A;0;1;A;8;12;3;5;9;17;8;6;1;3;0;0;2,04;3,5;3,6;67,18;63,4;85,45;35,6;7;13
23/10/2017;La Coruna;Girona;1;2;A;0;1;A;15;13;6;6;9;16;9;7;3;8;0;0;2,04;3,29;3,79;78,26;67,56;92,8;35,6;16;13
20/09/2017;Leganes;Girona;0;0;D;0;0;D;12;10;1;0;19;20;6;3;2;3;0;0;2,15;3,2;3,7;62,73;65,72;53,63;35,6;15;13
05/11/2017;Levante;Girona;1;2;A;0;0;D;7;10;4;5;10;16;7;2;3;4;0;0;2,39;3,29;3;57,82;63,29;59,35;35,6;15;13
27/01/2018;Malaga;Girona;0;0;D;0;0;D;7;11;1;2;18;7;5;4;2;1;1;0;2,29;3;3,39;36,5;50,04;88,43;35,6;17;13
18/03/2018;Real Madrid;Girona;6;3;H;1;1;D;20;10;14;6;13;13;6;7;1;2;0;0;1,16;7,5;17;94,42;69,14;743,1;35,6;18;13
11/02/2018;Sevilla;Girona;1;0;H;0;0;D;13;14;4;6;13;19;7;2;2;2;0;0;1,72;3,79;4,75;57,09;32,78;236,4;35,6;24;13
08/04/2018;Sociedad;Girona;5;0;H;2;0;H;13;8;7;1;8;20;4;5;2;2;0;0;1,9;3,6;4;35,85;44,83;165,1;35,6;6;13
06/01/2018;Valencia;Girona;2;1;H;1;1;D;17;11;7;5;16;14;9;7;5;5;0;0;1,61;4;5,5;53,58;52,75;269,45;35,6;20;13
03/03/2018;Villarreal;Girona;0;2;A;0;1;A;14;4;5;3;14;18;7;2;4;1;0;0;1,8;3,39;4,75;47,06;51,97;196,7;35,6;15;13
26/09/2016;Alaves;Granada;3;1;H;0;0;D;16;13;6;3;15;19;5;6;3;3;0;0;2,1;3,3;3,75;64,19;52,2;64,85;85,5;11;30
26/02/2017;Ath Bilbao;Granada;3;1;H;2;1;H;14;7;7;2;14;16;0;3;1;5;0;0;1,44;4,5;7,5;71,27;53,1;188,5;85,5;1;30
15/10/2016;Ath Madrid;Granada;7;1;H;2;1;H;17;9;11;2;14;8;11;3;1;1;0;0;1,13;10;17;68,49;78,68;585;85,5;19;30
29/10/2016;Barcelona;Granada;1;0;H;0;0;D;15;1;5;0;7;17;8;1;1;4;0;0;1,05;17;34;90,85;72,95;772,5;85,5;17;30
16/09/2016;Betis;Granada;2;2;D;1;2;A;23;15;7;8;13;17;7;3;4;3;1;1;1,73;3,75;5;70,9;52,23;95,55;85,5;9;30
27/11/2016;Celta;Granada;3;1;H;2;0;H;16;7;6;1;4;15;5;0;0;3;0;0;1,53;4;7;79,78;63,18;114,565;85,5;16;30
13/02/2017;Eibar;Granada;4;0;H;2;0;H;25;13;9;3;11;14;7;8;2;2;0;0;1,55;4,2;6;71,78;48,84;71,75;85,5;9;30
21/01/2017;Espanol;Granada;3;1;H;2;1;H;17;7;8;4;19;17;10;5;0;3;0;0;1,57;4;6;92,49;69,59;85,45;85,5;7;30
05/04/2017;La Coruna;Granada;0;0;D;0;0;D;12;10;3;2;14;10;6;3;1;4;0;0;1,55;4;6,5;70,18;49,83;92,8;85,5;16;30
28/08/2016;Las Palmas;Granada;5;1;H;1;1;D;15;13;10;2;8;16;6;4;5;1;0;0;1,91;3,4;4,33;76,2;96,41;123;85,5;15;30
04/03/2017;Leganes;Granada;1;0;H;0;0;D;16;1;4;1;17;19;7;4;3;2;0;0;1,8;3,4;5;79,53;73,22;53,63;85,5;15;30
09/12/2016;Malaga;Granada;1;1;D;1;0;H;16;8;7;2;16;14;6;2;3;5;0;0;1,6;4;5,75;72,85;52,05;88,43;85,5;17;30
13/05/2017;Osasuna;Granada;2;1;H;1;1;D;19;9;7;3;11;9;8;3;1;3;0;0;1,8;3,8;4,33;48,79;43,91;36,8;85,5;9;30
07/01/2017;Real Madrid;Granada;5;0;H;4;0;H;23;3;13;1;11;12;9;1;1;4;0;0;1,07;13;26;67,78;57,22;743,1;85,5;18;30
21/04/2017;Sevilla;Granada;2;0;H;1;0;H;28;9;12;2;18;11;7;2;1;2;0;0;1,17;8;15;80,7;46,16;236,4;85,5;24;30
29/04/2017;Sociedad;Granada;2;1;H;1;0;H;13;5;5;3;14;16;7;1;0;3;0;0;1,17;7,5;17;71,41;95,16;165,1;85,5;6;30
19/03/2017;Sp Gijon;Granada;3;1;H;0;0;D;15;12;11;5;12;14;6;3;2;4;0;0;2;3,5;3,8;96,02;70,97;50,5;85,5;9;30
20/11/2016;Valencia;Granada;1;1;D;0;1;A;14;9;7;5;7;18;11;2;1;5;0;0;1,33;5,5;8,5;76,34;80,59;269,45;85,5;20;30
28/01/2017;Villarreal;Granada;2;0;H;1;0;H;18;7;6;0;11;18;7;4;3;2;0;0;1,36;4,75;9,5;64,54;71,89;196,7;85,5;15;30
19/09/2016;Alaves;La Coruna;0;0;D;0;0;D;9;16;1;1;16;8;4;5;3;4;0;0;2,3;3;3,5;64,74;66,68;64,85;92,8;11;16
17/02/2018;Alaves;La Coruna;1;0;H;0;0;D;14;5;3;0;17;14;9;3;2;3;0;0;1,9;3,39;4,33;55,82;71,92;64,85;92,8;11;16
11/02/2017;Ath Bilbao;La Coruna;2;1;H;0;1;A;13;8;5;3;12;11;3;2;1;2;0;0;1,67;3,6;5,75;68,25;96,33;188,5;92,8;1;16
14/04/2018;Ath Bilbao;La Coruna;2;3;A;0;2;A;13;5;4;3;5;9;11;6;2;1;0;0;1,66;3,75;5,5;73,21;68,21;188,5;92,8;1;16
25/09/2016;Ath Madrid;La Coruna;1;0;H;0;0;D;21;8;5;1;13;19;10;0;1;2;0;1;1,22;5,5;19;68,25;73,58;585;92,8;19;16
01/04/2018;Ath Madrid;La Coruna;1;0;H;1;0;H;15;10;3;2;14;15;9;7;2;3;0;0;1,22;5,75;13;21,48;37,71;585;92,8;19;16
15/10/2016;Barcelona;La Coruna;4;0;H;3;0;H;25;7;8;0;5;15;8;2;1;2;0;1;1,1;10;26;96,06;66,9;772,5;92,8;17;16
17/12/2017;Barcelona;La Coruna;4;0;H;2;0;H;23;10;11;3;12;10;6;3;0;1;0;0;1,08;13;23;29,3;45,89;772,5;92,8;17;16
26/08/2016;Betis;La Coruna;0;0;D;0;0;D;15;12;5;1;20;15;13;2;0;2;0;0;2,2;3,2;3,5;69,78;66,6;95,55;92,8;9;16
16/09/2017;Betis;La Coruna;2;1;H;1;1;D;17;11;7;3;13;19;6;4;2;3;0;0;1,83;3,6;4,5;43,32;48,89;95,55;92,8;9;16
23/10/2016;Celta;La Coruna;4;1;H;1;1;D;9;11;7;1;17;15;5;4;3;5;0;0;1,7;3,6;5,5;73,05;65,81;114,565;92,8;16;16
28/01/2017;Eibar;La Coruna;3;1;H;2;1;H;12;20;6;7;14;7;9;10;0;2;0;0;2,1;3,25;3,75;65,71;87,09;71,75;92,8;9;16
15/10/2017;Eibar;La Coruna;0;0;D;0;0;D;15;11;6;3;9;10;10;1;2;2;0;0;2;3,5;3,75;65,84;62,9;71,75;92,8;9;16
06/01/2017;Espanol;La Coruna;1;1;D;0;0;D;14;13;4;3;13;14;2;8;1;1;0;1;2,05;3,3;3,8;71,03;69,99;85,45;92,8;7;16
24/09/2017;Espanol;La Coruna;4;1;H;2;0;H;17;21;5;6;16;7;4;6;1;2;0;0;1,95;3,5;4;42,08;44,2;85,45;92,8;7;16
28/02/2018;Getafe;La Coruna;3;0;H;2;0;H;14;9;5;1;6;9;10;6;2;4;0;0;1,9;3,39;4,33;85,46;65,96;48,75;92,8;18;16
09/03/2018;Girona;La Coruna;2;0;H;1;0;H;9;8;6;4;17;16;2;2;1;4;0;0;1,55;4,2;5,5;46,36;48,28;35,6;92,8;13;16
05/11/2016;Granada;La Coruna;1;1;D;0;0;D;14;13;6;5;11;7;7;6;1;2;0;0;2,6;3,2;2,8;50,48;64,95;85,5;92,8;30;16
20/01/2017;Las Palmas;La Coruna;1;1;D;1;0;H;9;7;3;1;13;8;4;5;0;1;1;0;2,25;3,3;3,3;67,42;70,45;123;92,8;15;16
30/10/2017;Las Palmas;La Coruna;1;3;A;1;1;D;13;15;5;5;11;15;8;5;1;1;0;0;2,04;3,5;3,6;68,0;69,75;123;92,8;15;16
25/02/2017;Leganes;La Coruna;4;0;H;2;0;H;7;11;5;3;18;13;2;7;2;5;0;1;2,4;3,1;3,2;72,84;71,24;53,63;92,8;15;16
20/04/2018;Leganes;La Coruna;0;0;D;0;0;D;13;12;0;3;12;13;9;4;0;2;0;0;2,29;3,25;3,2;47,13;43,66;53,63;92,8;15;16
26/08/2017;Levante;La Coruna;2;2;D;1;2;A;24;11;5;4;11;12;6;5;0;2;1;0;2,2;3,1;3,6;57,17;68,64;59,35;92,8;15;16
26/11/2016;Malaga;La Coruna;4;3;H;2;1;H;10;24;4;8;15;13;2;5;3;1;0;0;2;3,25;4,2;93,07;56,94;88,43;92,8;17;16
19/11/2017;Malaga;La Coruna;3;2;H;1;1;D;14;12;5;4;16;15;5;4;4;5;0;0;2,37;3,29;3,1;68,57;78,52;88,43;92,8;17;16
30/04/2017;Osasuna;La Coruna;2;2;D;1;1;D;16;15;5;5;9;11;7;7;2;3;0;0;3,9;3,6;1,95;71,97;80,86;36,8;92,8;9;16
10/12/2016;Real Madrid;La Coruna;3;2;H;0;0;D;17;4;5;2;16;17;10;3;3;4;0;0;1,17;8;15;68,23;63,75;743,1;92,8;18;16
21/01/2018;Real Madrid;La Coruna;7;1;H;2;1;H;24;5;13;2;7;11;6;1;0;2;0;0;1,14;9;15;49,03;32,52;743,1;92,8;18;16
08/04/2017;Sevilla;La Coruna;4;2;H;3;2;H;19;9;13;4;19;15;4;2;3;3;0;0;1,5;4,33;6,5;68,47;95,97;236,4;92,8;24;16
02/12/2017;Sevilla;La Coruna;2;0;H;1;0;H;10;11;6;3;12;16;6;7;1;3;0;0;1,44;4,5;7,5;42,49;35,56;236,4;92,8;24;16
23/04/2017;Sociedad;La Coruna;1;0;H;1;0;H;17;5;3;1;16;16;11;1;1;3;0;0;1,57;4;6;92,62;94,88;165,1;92,8;6;16
02/02/2018;Sociedad;La Coruna;5;0;H;1;0;H;19;4;8;1;11;11;9;5;0;1;0;0;1,44;4,75;6,5;48,42;49,24;165,1;92,8;6;16
05/03/2017;Sp Gijon;La Coruna;0;1;A;0;1;A;9;7;2;3;11;13;6;4;4;5;0;0;2,6;3,2;2,88;75,27;68,44;50,5;92,8;9;16
02/04/2017;Valencia;La Coruna;3;0;H;2;0;H;14;13;8;5;17;13;3;6;3;1;0;0;1,85;3,4;4,75;48,23;95,84;269,45;92,8;20;16
14/05/2017;Villarreal;La Coruna;0;0;D;0;0;D;21;3;4;1;15;21;11;3;2;4;0;0;1,5;4,33;6,5;79,91;66,49;196,7;92,8;15;16
07/01/2018;Villarreal;La Coruna;1;1;D;1;0;H;11;13;5;3;19;12;7;5;4;3;0;0;1,57;4;6;31,91;46,49;196,7;92,8;15;16
04/12/2016;Alaves;Las Palmas;1;1;D;1;0;H;9;10;2;3;15;11;3;5;3;3;0;0;2,5;3,2;3;66,54;73,24;64,85;123;11;15
08/12/2017;Alaves;Las Palmas;2;0;H;1;0;H;22;6;9;1;23;12;8;3;2;0;0;0;2,29;3,25;3,25;52,67;37,02;64,85;123;11;15
14/04/2017;Ath Bilbao;Las Palmas;5;1;H;3;1;H;18;8;7;2;22;10;14;5;1;2;0;0;1,44;4,5;7,5;78,24;70,75;188,5;123;1;15
09/02/2018;Ath Bilbao;Las Palmas;0;0;D;0;0;D;11;8;5;2;20;29;5;2;4;4;0;0;1,44;4,5;7,5;46,77;43,09;188,5;123;1;15
17/12/2016;Ath Madrid;Las Palmas;1;0;H;0;0;D;16;11;3;3;15;11;8;5;2;1;0;0;1,29;5,5;9,5;58,61;79,8;585;123;19;15
28/01/2018;Ath Madrid;Las Palmas;3;0;H;0;0;D;18;9;7;1;17;11;4;1;1;2;0;0;1,16;7,5;17;32,65;26,82;585;123;19;15
14/01/2017;Barcelona;Las Palmas;5;0;H;1;0;H;22;7;10;1;15;11;5;1;3;4;0;0;1,1;11;26;96,13;68,37;772,5;123;17;15
01/10/2017;Barcelona;Las Palmas;3;0;H;0;0;D;22;10;10;1;10;11;8;3;5;1;0;0;1,08;11;26;74,13;70,05;772,5;123;17;15
18/11/2016;Betis;Las Palmas;2;0;H;2;0;H;10;9;3;3;22;10;4;5;0;1;0;0;2,35;3,4;3,1;67,1;67,91;95,55;123;9;15
19/04/2018;Betis;Las Palmas;1;0;H;0;0;D;17;1;8;0;18;17;6;3;3;5;0;1;1,36;5,25;7,5;77,01;85,82;95,55;123;9;15
03/04/2017;Celta;Las Palmas;3;1;H;2;0;H;13;12;6;5;15;10;4;6;3;3;0;0;1,95;3,5;3,8;72,92;71,0;114,565;123;16;15
05/03/2018;Celta;Las Palmas;2;1;H;0;0;D;14;10;6;3;13;15;10;7;1;2;0;0;1,44;4,33;7;70,93;57,17;114,565;123;16;15
06/04/2017;Eibar;Las Palmas;3;1;H;2;0;H;11;8;6;6;14;12;9;2;2;5;0;0;1,85;3,75;4,2;75,32;70,38;71,75;123;9;15
10/03/2017;Espanol;Las Palmas;4;3;H;2;1;H;12;12;6;5;18;12;2;5;2;4;0;0;2,2;3,4;3,3;72,57;69,88;85,45;123;7;15
20/12/2017;Getafe;Las Palmas;2;0;H;2;0;H;13;17;7;6;23;11;3;1;3;1;0;0;1,75;3,6;5;69,28;57,18;48,75;123;18;15
13/01/2018;Girona;Las Palmas;6;0;H;1;0;H;15;3;8;1;25;20;5;2;2;5;0;0;1,72;3,79;4,75;34,16;40,98;35,6;123;13;15
06/02/2017;Granada;Las Palmas;1;0;H;1;0;H;12;15;4;5;27;9;6;5;5;3;0;0;3;3,4;2,38;48,93;68,26;85,5;123;30;15
20/05/2017;La Coruna;Las Palmas;3;0;H;3;0;H;9;13;5;4;25;14;0;9;4;2;0;1;1,73;4;4,5;58,98;65,32;92,8;123;16;15
17/03/2018;La Coruna;Las Palmas;1;1;D;1;1;D;13;8;3;1;24;12;9;2;3;3;0;0;1,72;3,75;5;48,86;47,78;92,8;123;16;15
26/04/2017;Leganes;Las Palmas;3;0;H;0;0;D;16;7;5;0;14;17;6;3;1;0;0;0;1,73;3,6;4,75;67,43;68,21;53,63;123;15;15
24/02/2018;Leganes;Las Palmas;0;0;D;0;0;D;11;4;2;1;22;17;6;5;4;5;0;0;1,8;3,5;4,75;91,47;66,23;53,63;123;15;15
08/04/2018;Levante;Las Palmas;2;1;H;1;0;H;11;17;4;5;19;10;4;5;6;3;2;0;1,9;3,6;4;38,36;45,49;59,35;123;15;15
20/02/2017;Malaga;Las Palmas;2;1;H;2;1;H;13;13;6;4;23;14;2;6;3;3;1;0;1,95;3,5;4;70,97;67,87;88,43;123;17;15
11/09/2017;Malaga;Las Palmas;1;3;A;0;1;A;14;10;6;8;22;11;3;2;4;2;0;0;2;3,5;3,8;40,25;41,33;88,43;123;17;15
01/10/2016;Osasuna;Las Palmas;2;2;D;2;0;H;5;17;3;5;17;7;1;12;3;4;0;0;2,6;3,2;2,8;55,66;65,74;36,8;123;9;15
01/03/2017;Real Madrid;Las Palmas;3;3;D;1;1;D;20;17;7;8;15;16;7;4;4;3;1;0;1,13;9;21;74,12;72,71;743,1;123;18;15
05/11/2017;Real Madrid;Las Palmas;3;0;H;1;0;H;27;2;9;1;9;9;9;2;2;1;0;0;1,08;13;19;34,75;37,93;743,1;123;18;15
10/09/2016;Sevilla;Las Palmas;2;1;H;0;1;A;16;7;7;4;15;13;10;1;2;4;0;1;1,5;4,33;6;96,57;62,33;236,4;123;24;15
20/09/2017;Sevilla;Las Palmas;1;0;H;0;0;D;14;6;9;0;21;8;12;0;2;2;0;0;1,4;4,75;7,5;77,55;64,24;236,4;123;24;15
21/09/2016;Sociedad;Las Palmas;4;1;H;3;0;H;17;8;7;3;3;7;7;4;1;2;0;1;2;3,5;3,75;73,01;66,99;165,1;123;6;15
26/11/2017;Sociedad;Las Palmas;2;2;D;1;1;D;16;8;3;7;22;14;11;3;4;3;1;0;1,44;4,75;7;63,59;71,65;165,1;123;6;15
06/05/2017;Sp Gijon;Las Palmas;1;0;H;0;0;D;16;8;3;2;19;15;5;4;4;3;0;0;1,5;4,75;5,5;44,65;93,19;50,5;123;9;15
22/08/2016;Valencia;Las Palmas;2;4;A;2;3;A;17;6;8;4;15;18;12;1;2;2;0;0;1,73;3,75;5;77,23;62,9;269,45;123;20;15
18/08/2017;Valencia;Las Palmas;1;0;H;1;0;H;22;5;6;4;25;13;5;2;3;3;0;1;1,75;3,8;4,5;70,0;71,22;269,45;123;20;15
23/10/2016;Villarreal;Las Palmas;2;1;H;0;1;A;14;8;4;4;16;12;2;1;2;3;0;0;1,67;3,8;5,25;92,41;76,78;196,7;123;15;15
22/10/2017;Villarreal;Las Palmas;4;0;H;0;0;D;25;16;9;5;14;9;9;6;1;5;0;0;1,5;4,2;7;69,22;82,22;196,7;123;15;15
21/01/2017;Alaves;Leganes;2;2;D;1;1;D;8;13;3;4;9;20;4;3;3;2;0;0;2,2;3,1;3,6;70,56;49,47;64,85;53,5;11;15
21/01/2018;Alaves;Leganes;2;2;D;0;0;D;14;8;6;4;13;14;4;6;3;3;1;0;2,14;3,1;3,75;38,47;55,63;64,85;53,5;11;15
14/05/2017;Ath Bilbao;Leganes;1;1;D;1;0;H;15;5;6;2;12;8;10;1;2;7;0;0;1,44;4,2;8,5;62,85;95,65;188,5;53,5;1;15
11/03/2018;Ath Bilbao;Leganes;2;0;H;2;0;H;13;12;5;1;12;14;3;6;2;5;0;0;1,9;3,29;4,5;47,8;23,47;188,5;53,5;1;15
04/02/2017;Ath Madrid;Leganes;2;0;H;1;0;H;12;15;4;2;10;15;3;6;1;1;0;0;1,29;5;15;70,69;72,38;585;53,5;19;15
28/02/2018;Ath Madrid;Leganes;4;0;H;2;0;H;15;9;8;3;10;10;5;1;1;3;0;0;1,25;5,25;15;63,23;71,1;585;53,5;19;15
19/02/2017;Barcelona;Leganes;2;1;H;1;0;H;13;11;6;6;8;18;4;4;1;3;0;0;1,07;11;41;78,24;79,34;772,5;53,5;17;15
07/04/2018;Barcelona;Leganes;3;1;H;2;0;H;12;11;6;1;14;12;5;3;2;4;0;0;1,12;9;21;43,38;48,02;772,5;53,5;17;15
08/01/2017;Betis;Leganes;2;0;H;0;0;D;16;9;3;3;10;20;4;2;2;6;0;0;2,1;3,25;3,75;66,73;64,15;95,55;53,5;9;15
15/01/2018;Betis;Leganes;3;2;H;2;1;H;16;10;9;6;12;15;1;1;2;3;0;0;2,25;3,1;3,5;64,75;70,61;95,55;53,5;9;15
22/08/2016;Celta;Leganes;0;1;A;0;0;D;10;15;2;6;5;13;8;4;4;1;0;1;1,65;3,75;5,75;73,19;66,6;114,565;53,5;16;15
24/11/2017;Celta;Leganes;1;0;H;1;0;H;14;9;7;2;13;16;3;4;2;3;0;0;1,95;3,25;4,33;45,85;48,37;114,565;53,5;16;15
30/04/2017;Eibar;Leganes;2;0;H;0;0;D;9;12;5;1;12;9;2;11;1;1;0;0;2,1;3,3;3,75;75,12;69,47;71,75;53,5;9;15
15/09/2017;Eibar;Leganes;1;0;H;0;0;D;10;5;4;2;15;20;8;1;2;5;0;0;2,05;3,25;4;70,15;69,65;71,75;53,5;9;15
26/11/2016;Espanol;Leganes;3;0;H;0;0;D;8;8;4;3;19;16;3;4;1;2;0;0;1,85;3,4;4,75;73,62;64,03;85,45;53,5;7;15
27/08/2017;Espanol;Leganes;0;1;A;0;1;A;17;12;2;8;10;14;9;1;3;3;0;0;1,95;3,25;4,33;72,4;76,19;85,45;53,5;7;15
04/02/2018;Getafe;Leganes;0;0;D;0;0;D;11;2;1;1;17;20;5;2;2;6;0;0;1,9;3,2;4,5;26,58;56,14;48,75;53,5;18;15
16/02/2018;Girona;Leganes;3;0;H;2;0;H;10;10;5;5;12;10;4;4;3;5;0;0;1,85;3,25;5;42,76;57,19;35,6;53,5;13;15
01/10/2016;Granada;Leganes;0;1;A;0;0;D;8;9;1;3;13;20;6;4;1;0;0;0;2,45;3,3;3;51,75;67,37;85,5;53,5;30;15
22/09/2016;La Coruna;Leganes;1;2;A;1;0;H;12;8;5;2;20;18;7;1;0;3;0;0;2,15;3,25;3,6;67,6;67,24;92,8;53,5;16;15
09/12/2017;La Coruna;Leganes;1;0;H;1;0;H;15;3;4;0;16;21;6;1;4;4;0;0;2,37;3,2;3,2;32,04;41,16;92,8;53,5;16;15
10/12/2016;Las Palmas;Leganes;1;1;D;1;0;H;5;11;1;6;17;18;6;4;3;3;0;0;1,8;3,5;4,75;52,29;95,78;123;53,5;15;15
24/09/2017;Las Palmas;Leganes;0;2;A;0;0;D;8;9;3;3;10;15;3;2;1;3;0;0;2,05;3,25;3,8;63,38;73,99;123;53,5;15;15
19/12/2017;Levante;Leganes;0;0;D;0;0;D;10;10;3;2;21;17;6;5;6;6;1;1;2,7;3;2,89;34,87;33,11;59,35;53,5;15;15
23/10/2016;Malaga;Leganes;4;0;H;2;0;H;24;14;8;5;12;15;5;8;1;3;0;0;1,85;3,3;4,75;80,02;91,32;88,43;53,5;17;15
15/10/2017;Malaga;Leganes;0;2;A;0;0;D;13;19;5;9;21;21;4;2;4;3;1;0;2,38;3;3,4;60,25;72,18;88,43;53,5;17;15
09/04/2017;Osasuna;Leganes;2;1;H;1;1;D;11;17;6;2;14;14;4;8;3;4;0;0;3,8;3,3;2,05;69,74;68,31;36,8;53,5;9;15
06/11/2016;Real Madrid;Leganes;3;0;H;2;0;H;17;7;7;3;7;20;2;2;3;5;0;0;1,07;13;23;67,33;76,1;743,1;53,5;18;15
11/03/2017;Sevilla;Leganes;1;1;D;1;1;D;12;12;4;4;20;20;4;1;2;3;0;0;1,36;4,75;8;68,49;68,34;236,4;53,5;24;15
28/10/2017;Sevilla;Leganes;2;1;H;1;0;H;9;10;5;1;16;19;5;6;0;3;0;0;1,61;3,75;6;28,1;48,5;236,4;53,5;24;15
01/04/2017;Sociedad;Leganes;1;1;D;0;1;A;14;6;5;3;10;16;7;0;2;3;0;0;1,75;3,4;5,5;75,3;67,53;165,1;53,5;6;15
11/09/2016;Sp Gijon;Leganes;2;1;H;2;0;H;7;9;4;2;12;16;3;5;0;2;0;0;2,25;3,2;3,4;52,99;62,49;50,5;53,5;9;15
28/02/2017;Valencia;Leganes;1;0;H;1;0;H;16;3;6;0;12;26;7;3;3;2;0;1;1,75;3,6;5;71,57;65,71;269,45;53,5;20;15
04/11/2017;Valencia;Leganes;3;0;H;1;0;H;13;13;7;6;11;13;4;7;1;2;0;0;1,5;4,33;6,5;25,38;48,19;269,45;53,5;20;15
22/04/2017;Villarreal;Leganes;2;1;H;0;0;D;11;8;5;4;9;19;3;8;1;3;0;0;1,67;3,6;5,75;71,79;87,33;196,7;53,5;15;15
17/04/2018;Villarreal;Leganes;2;1;H;1;0;H;17;6;6;1;14;14;10;4;1;1;0;0;1,6;3,79;6,5;68,37;67,22;196,7;53,5;15;15
01/03/2018;Alaves;Levante;1;0;H;0;0;D;15;6;5;1;14;17;5;3;4;4;1;1;1,8;3,39;5;67,41;75,65;64,85;59,35;11;15
23/04/2018;Ath Bilbao;Levante;1;3;A;1;2;A;18;11;5;7;13;14;2;9;3;3;0;0;1,66;3,75;5,5;71,29;59,36;188,5;59,35;1;15
15/04/2018;Ath Madrid;Levante;3;0;H;1;0;H;13;11;5;3;9;13;8;3;2;1;0;0;1,22;6;15;48,38;37,34;585;59,35;19;15
07/01/2018;Barcelona;Levante;3;0;H;2;0;H;16;9;8;2;10;22;3;6;0;4;0;0;1,05;15;34;50,46;42,37;772,5;59,35;17;15
25/09/2017;Betis;Levante;4;0;H;0;0;D;14;8;6;1;9;5;6;3;1;0;0;0;1,85;3,5;4,5;37,86;37,47;95,55;59,35;9;15
29/10/2017;Eibar;Levante;2;2;D;0;2;A;16;3;6;2;8;16;6;2;1;3;0;0;1,95;3,39;4,2;66,2;77,93;71,75;59,35;9;15
13/10/2017;Espanol;Levante;0;0;D;0;0;D;20;13;6;3;9;13;9;4;2;3;0;0;1,75;3,6;5;59,48;46,87;85,45;59,35;7;15
10/03/2018;Getafe;Levante;0;1;A;0;0;D;11;12;4;4;14;16;4;7;5;7;0;1;1,75;3,5;5,25;48,32;36,11;48,75;59,35;18;15
31/03/2018;Girona;Levante;1;1;D;0;0;D;12;15;5;6;13;12;5;7;1;3;0;0;1,57;3,79;6;31,85;46,75;35,6;59,35;13;15
27/01/2018;La Coruna;Levante;2;2;D;2;0;H;8;15;2;4;13;14;4;7;7;5;1;0;2;3,5;3,79;62,78;57,41;92,8;59,35;16;15
19/11/2017;Las Palmas;Levante;0;2;A;0;0;D;10;11;5;6;9;22;3;5;1;4;0;0;1,95;3,5;4;47,87;36,17;123;59,35;15;15
01/12/2017;Malaga;Levante;0;0;D;0;0;D;18;3;2;3;12;15;7;2;1;3;0;0;1,72;3,79;4,75;64,3;54,85;88,43;59,35;17;15
09/09/2017;Real Madrid;Levante;1;1;D;1;1;D;18;5;10;2;9;16;13;3;2;3;1;0;1,05;15;34;44,1;26,76;743,1;59,35;18;15
15/12/2017;Sevilla;Levante;0;0;D;0;0;D;16;10;6;2;22;14;8;5;2;3;0;0;1,28;5,75;9,5;74,2;54,39;236,4;59,35;24;15
18/02/2018;Sociedad;Levante;3;0;H;2;0;H;13;9;3;1;12;13;2;4;0;2;0;0;1,57;4,2;5,75;84,38;73,29;165,1;59,35;6;15
11/02/2018;Valencia;Levante;3;1;H;1;1;D;18;5;8;1;10;19;7;9;3;4;0;0;1,5;4,33;6,5;94,48;69,59;269,45;59,35;20;15
20/01/2018;Villarreal;Levante;2;1;H;1;0;H;18;16;6;4;14;16;6;4;2;2;0;0;1,44;4,5;7,5;35,45;35,37;196,7;59,35;15;15
16/10/2016;Alaves;Malaga;1;1;D;1;0;H;8;12;4;5;14;14;6;7;3;3;1;1;2,6;3;3;64,2;70,73;64,85;88,43;11;17
21/12/2017;Alaves;Malaga;1;0;H;0;0;D;10;10;5;3;14;18;4;4;3;4;0;0;2,14;3,2;3,5;70,83;65,4;64,85;88,43;11;17
05/03/2017;Ath Bilbao;Malaga;1;0;H;0;0;D;15;8;3;2;13;18;8;2;3;5;0;0;1,75;3,6;5;55,59;67,53;188,5;88,43;1;17
25/02/2018;Ath Bilbao;Malaga;2;1;H;2;1;H;8;8;6;4;12;18;6;4;3;3;0;1;1,75;3,5;5,25;30,55;44,26;188,5;88,43;1;17
29/10/2016;Ath Madrid;Malaga;4;2;H;3;1;H;16;6;7;3;10;10;6;2;2;4;1;1;1,22;6;15;62,71;92,45;585;88,43;19;17
16/09/2017;Ath Madrid;Malaga;1;0;H;0;0;D;17;9;4;4;9;15;8;4;2;2;0;0;1,22;6;15;59,89;71,9;585;88,43;19;17
19/11/2016;Barcelona;Malaga;0;0;D;0;0;D;28;4;8;1;13;12;14;1;0;2;0;2;1,13;9;21;96,11;73,12;772,5;88,43;17;17
21/10/2017;Barcelona;Malaga;2;0;H;1;0;H;12;13;4;5;10;11;4;3;1;4;0;0;1,07;13;26;57,94;65,67;772,5;88,43;17;17
23/09/2016;Betis;Malaga;1;0;H;1;0;H;11;16;4;6;20;15;6;5;4;6;0;0;2,6;3,1;2,9;70,31;69,33;95,55;88,43;9;17
08/01/2017;Celta;Malaga;3;1;H;1;0;H;6;13;3;4;17;15;2;7;1;4;0;0;1,85;3,6;4,33;71,22;71,53;114,565;88,43;16;17
18/03/2018;Celta;Malaga;0;0;D;0;0;D;9;5;3;0;16;24;4;5;3;2;0;0;1,44;4,5;7;43,8;40,6;114,565;88,43;16;17
25/02/2017;Eibar;Malaga;3;0;H;1;0;H;8;4;4;2;11;18;2;2;2;4;0;1;2,05;3,4;3,8;64,16;68,77;71,75;88,43;9;17
22/01/2018;Eibar;Malaga;1;1;D;0;1;A;15;10;4;4;11;11;8;3;1;3;0;1;1,66;3,5;6;72,2;63,2;71,75;88,43;9;17
26/08/2016;Espanol;Malaga;2;2;D;1;0;H;7;9;2;3;20;17;3;4;2;4;0;0;2,3;3,1;3,4;68,53;71,87;85,45;88,43;7;17
12/01/2018;Getafe;Malaga;1;0;H;0;0;D;7;9;3;2;19;16;5;2;3;1;0;0;1,8;3,39;5;68,92;63,17;48,75;88,43;18;17
26/08/2017;Girona;Malaga;1;0;H;1;0;H;15;7;4;2;11;15;2;3;3;4;0;0;2,15;3,25;3,6;41,68;35,22;35,6;88,43;13;17
25/04/2017;Granada;Malaga;0;2;A;0;0;D;3;17;1;6;22;13;2;4;5;0;0;0;3,9;3,5;1,95;45,74;69,49;85,5;88,43;30;17
15/04/2017;La Coruna;Malaga;2;0;H;0;0;D;11;11;4;3;15;17;1;4;3;4;0;0;2,25;3,2;3,25;87,38;51,52;92,8;88,43;16;17
06/04/2018;La Coruna;Malaga;3;2;H;1;1;D;14;11;6;4;16;14;7;6;4;3;0;0;2,04;3,29;3,79;52,31;37,5;92,8;88,43;16;17
17/09/2016;Las Palmas;Malaga;1;0;H;1;0;H;6;10;2;2;11;18;2;2;3;1;0;0;2,3;3,25;3,3;63,15;79,02;123;88,43;15;17
05/02/2018;Las Palmas;Malaga;1;0;H;0;0;D;11;9;4;3;11;17;4;2;2;3;0;0;2,25;3,39;3,2;54,09;63,41;123;88,43;15;17
19/03/2017;Leganes;Malaga;0;0;D;0;0;D;14;8;2;1;11;16;6;7;4;2;0;0;2,4;3;3,3;69,94;71,88;53,63;88,43;15;17
03/03/2018;Leganes;Malaga;2;0;H;0;0;D;10;4;3;1;11;14;6;1;1;1;0;0;2,14;2,89;4;45,1;46,13;53,63;88,43;15;17
19/04/2018;Levante;Malaga;1;0;H;0;0;D;11;10;2;2;9;17;4;3;1;1;0;0;1,85;3,5;4,5;73,08;54,6;59,35;88,43;15;17
27/01/2017;Osasuna;Malaga;1;1;D;0;0;D;14;14;2;5;9;16;4;6;1;0;0;0;2,88;3,3;2,5;52,55;70,3;36,8;88,43;9;17
21/01/2017;Real Madrid;Malaga;2;1;H;2;0;H;14;10;7;6;7;20;5;4;2;3;0;0;1,13;10;17;66,64;63,88;743,1;88,43;18;17
25/11/2017;Real Madrid;Malaga;3;2;H;2;1;H;16;9;9;3;15;13;6;0;1;2;0;0;1,08;13;21;40,89;32,43;743,1;88,43;18;17
17/12/2016;Sevilla;Malaga;4;1;H;4;0;H;9;16;5;3;17;12;3;6;2;3;1;0;1,5;4,1;6,5;52,81;78,0;236,4;88,43;24;17
30/09/2017;Sevilla;Malaga;2;0;H;0;0;D;12;11;5;4;11;12;4;6;2;1;0;0;1,36;5,5;7,5;45,3;28,21;236,4;88,43;24;17
14/05/2017;Sociedad;Malaga;2;2;D;1;1;D;15;9;5;4;10;16;9;3;1;2;0;0;1,53;4,1;6,5;93,42;79,47;165,1;88,43;6;17
10/12/2017;Sociedad;Malaga;0;2;A;0;1;A;18;9;2;5;10;12;5;0;1;1;0;0;1,53;4,33;6;43,36;33,39;165,1;88,43;6;17
05/04/2017;Sp Gijon;Malaga;0;1;A;0;1;A;14;11;5;3;12;18;7;1;2;5;0;0;2,8;3,25;2,6;67,9;91,69;50,5;88,43;9;17
04/12/2016;Valencia;Malaga;2;2;D;2;1;H;8;19;3;6;16;7;2;13;5;1;0;0;1,75;3,6;5;74,32;72,08;269,45;88,43;20;17
19/09/2017;Valencia;Malaga;5;0;H;1;0;H;16;11;11;2;9;10;4;9;0;1;0;0;1,5;4;7;93,72;70,27;269,45;88,43;20;17
12/02/2017;Villarreal;Malaga;1;1;D;0;1;A;12;11;5;5;14;12;9;9;0;5;1;0;1,8;3,5;4,75;86,06;73,3;196,7;88,43;15;17
05/11/2017;Villarreal;Malaga;2;0;H;0;0;D;14;10;3;2;18;12;6;4;2;4;0;0;1,53;4,33;6;55,56;54,41;196,7;88,43;15;17
05/04/2017;Alaves;Osasuna;0;1;A;0;0;D;15;7;3;6;20;12;5;1;5;1;0;0;1,44;4,5;7;95,89;80,35;64,85;36,8;11;9
30/10/2016;Ath Bilbao;Osasuna;1;1;D;1;1;D;18;7;4;3;10;11;9;2;2;1;0;0;1,36;5;8,5;66,38;80,73;188,5;36,8;1;9
15/04/2017;Ath Madrid;Osasuna;3;0;H;1;0;H;19;3;8;0;11;14;5;2;1;5;0;0;1,14;8;15;67,27;69,97;585;36,8;19;9
26/04/2017;Barcelona;Osasuna;7;1;H;2;0;H;19;3;9;2;3;7;10;1;0;0;0;0;1,02;17;34;95,01;49,77;772,5;36,8;17;9
18/03/2017;Betis;Osasuna;2;0;H;2;0;H;9;13;5;5;12;15;5;0;0;3;0;0;1,44;4,33;8;68,94;76,08;95,55;36,8;9;9
19/02/2017;Celta;Osasuna;3;0;H;1;0;H;11;8;4;3;14;18;3;5;1;0;0;0;1,57;4,2;5,5;70,69;75,72;114,565;36,8;16;9
17/10/2016;Eibar;Osasuna;2;3;A;2;2;D;13;8;5;4;15;12;5;0;1;2;0;0;1,7;3,6;5;67,07;54,43;71,75;36,8;9;9
26/02/2017;Espanol;Osasuna;3;0;H;1;0;H;18;4;6;1;11;10;10;2;1;4;0;1;1,67;3,8;5,5;55,02;74,37;85,45;36,8;7;9
15/01/2017;Granada;Osasuna;1;1;D;0;1;A;8;13;4;3;13;23;3;5;2;4;2;0;2,05;3,4;3,8;71,84;66,79;85,5;36,8;30;9
18/12/2016;La Coruna;Osasuna;2;0;H;2;0;H;8;13;4;3;8;16;5;1;1;3;0;0;1,57;3,75;6;69,48;50,81;92,8;36,8;16;9
05/03/2017;Las Palmas;Osasuna;5;2;H;1;2;A;16;10;8;4;7;21;5;1;4;4;0;0;1,57;4;6;69,67;50,98;123;36,8;15;9
21/11/2016;Leganes;Osasuna;2;0;H;1;0;H;15;5;5;2;13;17;3;2;2;3;0;0;1,85;3,5;4,5;63,52;54,39;53,63;36,8;15;9
19/08/2016;Malaga;Osasuna;1;1;D;0;0;D;14;8;4;3;11;22;5;3;2;3;0;0;1,62;3,75;6;66,52;62,29;88,43;36,8;17;9
10/09/2016;Real Madrid;Osasuna;5;2;H;3;0;H;25;10;11;3;14;14;6;7;2;2;0;1;1,04;15;34;78,76;66,98;743,1;36,8;18;9
20/05/2017;Sevilla;Osasuna;5;0;H;3;0;H;17;5;7;2;11;8;1;1;3;1;0;0;1,14;9;17;66,59;62,91;236,4;36,8;24;9
05/02/2017;Sociedad;Osasuna;3;2;H;0;1;A;13;11;6;5;6;22;3;2;2;2;0;0;1,3;5,25;11;55,57;66,75;165,1;36,8;6;9
04/12/2016;Sp Gijon;Osasuna;3;1;H;1;0;H;9;15;5;2;17;13;2;5;3;1;0;0;2;3,3;4;58,42;52,56;50,5;36,8;9;9
07/05/2017;Valencia;Osasuna;4;1;H;2;0;H;19;9;8;4;15;11;9;2;3;2;0;0;1,22;6,5;13;72,23;69,51;269,45;36,8;20;9
25/09/2016;Villarreal;Osasuna;3;1;H;3;1;H;12;11;5;3;7;16;5;5;0;2;0;0;1,4;4,33;9,5;69,09;71,65;196,7;36,8;15;9
29/10/2016;Alaves;Real Madrid;1;4;A;1;2;A;8;15;3;5;15;6;4;3;5;1;0;0;13;6,5;1,22;59,28;80,93;64,85;743,1;11;18
23/09/2017;Alaves;Real Madrid;1;2;A;1;2;A;8;21;3;7;19;19;5;13;5;2;0;0;17;7,5;1,17;83,99;77,51;64,85;743,1;11;18
18/03/2017;Ath Bilbao;Real Madrid;1;2;A;0;1;A;12;9;5;4;1;4;5;5;1;4;0;0;5;4;1,67;76,93;92,1;188,5;743,1;1;18
02/12/2017;Ath Bilbao;Real Madrid;0;0;D;0;0;D;11;19;4;4;20;13;3;5;2;5;0;1;7,5;4,5;1,44;94,04;70,04;188,5;743,1;1;18
19/11/2016;Ath Madrid;Real Madrid;0;3;A;0;1;A;16;12;5;7;21;14;8;6;4;2;0;0;2,5;3,3;2,9;64,96;82,52;585;743,1;19;18
18/11/2017;Ath Madrid;Real Madrid;0;0;D;0;0;D;7;14;1;3;21;6;7;9;6;2;0;0;3,2;3,39;2,25;67,41;64,29;585;743,1;19;18
03/12/2016;Barcelona;Real Madrid;1;1;D;0;0;D;11;14;2;5;19;16;5;7;4;2;0;0;1,85;4,2;4,2;95,76;92,43;772,5;743,1;17;18
15/10/2016;Betis;Real Madrid;1;6;A;0;4;A;13;22;2;9;14;8;2;5;4;1;0;0;8;5,25;1,36;90,82;50,75;95,55;743,1;9;18
18/02/2018;Betis;Real Madrid;3;5;A;2;1;H;20;12;5;9;7;15;7;5;3;5;0;0;9;6;1,3;25,68;36,58;95,55;743,1;9;18
17/05/2017;Celta;Real Madrid;1;4;A;0;1;A;17;13;6;8;17;9;4;6;4;2;1;0;13;7;1,2;67,87;93,44;114,565;743,1;16;18
07/01/2018;Celta;Real Madrid;2;2;D;1;2;A;10;19;5;8;10;15;3;7;2;2;0;0;6,5;4,33;1,5;34,87;44,29;114,565;743,1;16;18
04/03/2017;Eibar;Real Madrid;1;4;A;0;3;A;12;12;2;7;13;14;4;4;1;1;0;0;5;4;1,67;74,67;91,73;71,75;743,1;9;18
10/03/2018;Eibar;Real Madrid;1;2;A;0;1;A;12;12;3;6;12;7;8;6;1;1;0;0;5,75;4,75;1,5;74,0;91,93;71,75;743,1;9;18
18/09/2016;Espanol;Real Madrid;0;2;A;0;1;A;11;13;2;7;19;8;4;5;4;2;0;0;7,5;5,5;1,36;76,2;73,8;85,45;743,1;7;18
27/02/2018;Espanol;Real Madrid;1;0;H;0;0;D;16;12;7;5;15;10;3;8;1;1;0;0;6;4,33;1,53;65,75;91,89;85,45;743,1;7;18
14/10/2017;Getafe;Real Madrid;1;2;A;0;1;A;8;16;3;6;23;8;4;7;2;3;0;0;10;5,75;1,29;35,9;33,64;48,75;743,1;18;18
29/10/2017;Girona;Real Madrid;2;1;H;0;1;A;15;15;4;6;21;11;2;7;2;1;0;0;10;6,5;1,25;31,54;42,93;35,6;743,1;13;18
06/05/2017;Granada;Real Madrid;0;4;A;0;4;A;13;16;3;8;14;8;6;3;1;0;0;0;21;9;1,13;95,56;80,12;85,5;743,1;30;18
26/04/2017;La Coruna;Real Madrid;2;6;A;1;3;A;19;22;7;11;12;5;4;5;3;1;0;0;8;4,75;1,4;72,89;76,5;92,8;743,1;16;18
20/08/2017;La Coruna;Real Madrid;0;3;A;0;2;A;12;16;6;8;16;12;4;4;5;1;0;1;9,5;5,75;1,3;92,52;67,08;92,8;743,1;16;18
24/09/2016;Las Palmas;Real Madrid;2;2;D;1;1;D;8;27;6;11;7;19;0;5;3;2;0;0;8,5;5;1,36;76,89;78,86;123;743,1;15;18
31/03/2018;Las Palmas;Real Madrid;0;3;A;0;2;A;17;17;3;7;11;17;3;3;3;0;0;0;10;6;1,25;44,98;37,2;123;743,1;15;18
05/04/2017;Leganes;Real Madrid;2;4;A;2;3;A;14;18;3;8;14;16;4;4;2;1;0;0;8;5,25;1,33;68,4;48,05;53,63;743,1;15;18
21/02/2018;Leganes;Real Madrid;1;3;A;1;2;A;7;13;3;7;18;7;6;5;3;1;0;0;11;6;1,25;66,17;91,4;53,63;743,1;15;18
03/02/2018;Levante;Real Madrid;2;2;D;1;1;D;12;23;4;9;14;7;4;6;3;3;0;0;13;7;1,19;43,43;32,8;59,35;743,1;15;18
21/05/2017;Malaga;Real Madrid;0;2;A;0;1;A;22;16;6;8;6;9;9;7;2;0;0;0;11;7;1,22;95,63;73,75;88,43;743,1;17;18
15/04/2018;Malaga;Real Madrid;1;2;A;0;1;A;13;16;3;6;12;9;4;7;4;0;0;0;10;5,5;1,28;38,66;39,6;88,43;743,1;17;18
11/02/2017;Osasuna;Real Madrid;1;3;A;1;1;D;11;12;8;6;10;8;3;2;3;2;0;0;13;6,5;1,22;53,51;92,31;36,8;743,1;9;18
15/01/2017;Sevilla;Real Madrid;2;1;H;0;0;D;9;10;4;3;13;10;6;1;3;1;0;0;3,6;3,8;1,95;56,69;68,2;236,4;743,1;24;18
21/08/2016;Sociedad;Real Madrid;0;3;A;0;2;A;8;18;0;8;22;11;4;7;2;3;0;0;4,75;3,8;1,75;72,76;92,61;165,1;743,1;6;18
17/09/2017;Sociedad;Real Madrid;1;3;A;1;2;A;10;18;5;6;12;15;4;6;3;2;0;0;5;4;1,67;58,24;77,55;165,1;743,1;6;18
15/04/2017;Sp Gijon;Real Madrid;2;3;A;1;1;D;4;18;2;6;17;12;4;8;5;1;0;0;6,5;5;1,4;95,24;74,93;50,5;743,1;9;18
22/02/2017;Valencia;Real Madrid;2;1;H;2;1;H;8;22;5;5;12;18;3;11;5;2;0;0;6;4,33;1,53;71,45;92,7;269,45;743,1;20;18
27/01/2018;Valencia;Real Madrid;1;4;A;0;2;A;11;13;4;7;20;22;4;4;2;3;0;0;5;4,33;1,61;74,93;91,7;269,45;743,1;20;18
26/02/2017;Villarreal;Real Madrid;2;3;A;0;0;D;11;25;4;6;15;6;5;5;4;1;0;0;5,5;3,75;1,67;80,09;92,37;196,7;743,1;15;18
06/03/2017;Alaves;Sevilla;1;1;D;0;1;A;18;9;4;1;12;16;2;2;2;5;0;0;4,1;3,4;1,95;67,49;83,91;64,85;236,4;11;24
14/01/2018;Alaves;Sevilla;1;0;H;0;0;D;12;14;3;1;18;12;5;4;5;2;1;0;3,25;3,25;2,29;56,56;72,08;64,85;236,4;11;24
24/09/2016;Ath Bilbao;Sevilla;3;1;H;1;0;H;14;5;7;2;9;9;4;5;2;2;0;1;2,05;3,4;3,75;64,2;74,5;188,5;236,4;1;24
14/10/2017;Ath Bilbao;Sevilla;1;0;H;1;0;H;15;14;2;6;18;9;6;6;5;5;0;0;2,5;3,25;2,9;39,11;33,47;188,5;236,4;1;24
19/03/2017;Ath Madrid;Sevilla;3;1;H;1;0;H;15;9;8;2;16;14;2;2;4;3;0;0;1,67;3,8;5,25;67,67;67,82;585;236,4;19;24
23/09/2017;Ath Madrid;Sevilla;2;0;H;0;0;D;13;11;4;0;11;17;7;6;4;3;0;0;1,57;4;6,5;41,53;51,77;585;236,4;19;24
05/04/2017;Barcelona;Sevilla;3;0;H;3;0;H;15;7;7;3;16;13;4;4;4;2;0;1;1,22;7;11;56,76;67,7;772,5;236,4;17;24
04/11/2017;Barcelona;Sevilla;2;1;H;1;0;H;18;8;6;3;10;12;3;3;1;0;0;0;1,19;7,5;12;50,98;28,39;772,5;236,4;17;24
25/02/2017;Betis;Sevilla;1;2;A;1;0;H;15;13;4;4;19;17;4;4;3;3;0;0;3,8;3,4;2,05;67,24;83,62;95,55;236,4;9;24
11/12/2016;Celta;Sevilla;0;3;A;0;0;D;14;14;6;5;13;13;4;6;3;3;0;0;2,75;3,3;2,63;72,84;81,05;114,565;236,4;16;24
07/04/2018;Celta;Sevilla;4;0;H;1;0;H;12;16;6;6;8;12;3;10;1;2;0;0;2,2;3,39;3,29;70,05;74,1;114,565;236,4;16;24
17/09/2016;Eibar;Sevilla;1;1;D;0;1;A;10;8;2;4;19;10;4;2;1;1;2;0;3,1;3,3;2,35;89,97;62,69;71,75;236,4;9;24
03/02/2018;Eibar;Sevilla;5;1;H;3;1;H;17;11;7;3;11;20;5;3;0;3;0;0;2,6;3,29;2,75;63,33;71,88;71,75;236,4;9;24
29/01/2017;Espanol;Sevilla;3;1;H;2;1;H;16;12;8;5;18;14;7;4;2;2;0;1;3,3;3,4;2,2;75,61;55,48;85,45;236,4;7;24
20/01/2018;Espanol;Sevilla;0;3;A;0;2;A;9;12;0;7;18;14;8;2;4;2;0;0;2,75;3,2;2,7;42,38;26,6;85,45;236,4;7;24
27/08/2017;Getafe;Sevilla;0;1;A;0;0;D;15;6;3;3;20;10;7;5;0;1;0;0;3,6;3,3;2,15;59,4;36,89;48,75;236,4;18;24
17/09/2017;Girona;Sevilla;0;1;A;0;0;D;13;13;0;8;14;19;8;1;2;5;0;0;3,3;3,25;2,3;68,53;72,02;35,6;236,4;13;24
03/12/2016;Granada;Sevilla;2;1;H;1;0;H;11;17;6;6;18;16;4;8;5;2;0;0;4,75;3,5;1,8;63,6;78,03;85,5;236,4;30;24
19/11/2016;La Coruna;Sevilla;2;3;A;2;1;H;4;20;3;7;15;12;3;14;3;2;0;0;3,3;3,4;2,2;90,08;92,19;92,8;236,4;16;24
17/04/2018;La Coruna;Sevilla;0;0;D;0;0;D;22;24;6;7;8;8;7;9;0;2;0;0;2,5;3,5;2,75;71,15;91,85;92,8;236,4;16;24
12/02/2017;Las Palmas;Sevilla;0;1;A;0;0;D;15;12;7;3;15;16;1;4;2;4;0;0;3,3;3,6;2,1;63,75;53,54;123;236,4;15;24
17/02/2018;Las Palmas;Sevilla;1;2;A;0;1;A;11;12;3;6;15;18;7;5;2;5;0;0;3,5;3,6;2,04;75,44;94,03;123;236,4;15;24
15/10/2016;Leganes;Sevilla;2;3;A;0;1;A;19;5;6;4;17;20;5;2;2;5;0;0;3,4;3,2;2,25;69,7;91,59;53,63;236,4;15;24
18/03/2018;Leganes;Sevilla;2;1;H;1;0;H;12;10;6;4;13;11;5;4;2;4;0;1;3,7;3,29;2,1;55,4;36,71;53,63;236,4;15;24
01/05/2017;Malaga;Sevilla;4;2;H;1;1;D;11;9;5;4;14;18;1;3;3;5;0;0;4;3,6;1,91;71,09;80,97;88,43;236,4;17;24
28/02/2018;Malaga;Sevilla;0;1;A;0;1;A;8;6;0;4;19;14;9;4;2;2;0;0;3,5;3,2;2,14;74,22;70,14;88,43;236,4;17;24
22/01/2017;Osasuna;Sevilla;3;4;A;1;1;D;14;13;7;9;14;8;3;6;5;3;0;0;6;4,33;1,53;78,36;72,09;36,8;236,4;9;24
14/05/2017;Real Madrid;Sevilla;4;1;H;2;0;H;14;11;7;6;14;19;4;5;4;2;0;0;1,17;8;15;64,65;87,75;743,1;236,4;18;24
09/12/2017;Real Madrid;Sevilla;5;0;H;5;0;H;20;11;8;3;12;11;9;3;0;2;0;0;1,33;5,5;8,5;92,64;75,63;743,1;236,4;18;24
07/01/2017;Sociedad;Sevilla;0;4;A;0;2;A;11;11;5;10;15;18;7;4;2;3;0;0;2,25;3,4;3,2;79,31;83,18;165,1;236,4;6;24
20/12/2017;Sociedad;Sevilla;3;1;H;1;1;D;14;9;5;4;9;18;4;5;1;5;0;0;2,25;3,5;3;31,34;49,1;165,1;236,4;6;24
29/10/2016;Sp Gijon;Sevilla;1;1;D;1;1;D;9;20;5;6;17;9;3;4;6;2;0;0;3,8;3,6;1,95;96,46;49,82;50,5;236,4;9;24
16/04/2017;Valencia;Sevilla;0;0;D;0;0;D;14;10;3;2;19;20;4;2;3;2;0;0;2,55;3,2;2,75;47,55;72,27;269,45;236,4;20;24
21/10/2017;Valencia;Sevilla;4;0;H;1;0;H;18;18;8;5;15;21;7;10;2;4;0;0;1,85;3,89;4;45,39;50,79;269,45;236,4;20;24
28/08/2016;Villarreal;Sevilla;0;0;D;0;0;D;12;6;5;0;16;12;5;1;1;3;0;0;2,5;3,4;2,8;77,02;78,7;196,7;236,4;15;24
26/11/2017;Villarreal;Sevilla;2;3;A;1;0;H;19;15;4;4;9;17;6;6;4;3;1;0;2,37;3,39;3;77,82;56,34;196,7;236,4;15;24
18/03/2017;Alaves;Sociedad;1;0;H;1;0;H;10;10;5;2;14;13;5;8;3;3;0;1;2,55;3,2;2,9;73,84;72,19;64,85;165,1;11;6
14/10/2017;Alaves;Sociedad;0;2;A;0;0;D;8;13;0;6;11;7;4;9;1;1;0;0;3,5;3,4;2,15;74,28;78,4;64,85;165,1;11;6
16/10/2016;Ath Bilbao;Sociedad;3;2;H;0;1;A;15;6;11;3;17;19;7;4;3;3;0;0;1,83;3,6;4,4;76,67;73,42;188,5;165,1;1;6
16/12/2017;Ath Bilbao;Sociedad;0;0;D;0;0;D;7;10;1;2;14;9;6;6;3;0;0;0;2,14;3,39;3,39;50,27;43,48;188,5;165,1;1;6
04/04/2017;Ath Madrid;Sociedad;1;0;H;1;0;H;20;10;8;1;18;13;6;4;0;4;0;0;1,36;4,75;9,5;86,68;74,96;585;165,1;19;6
02/12/2017;Ath Madrid;Sociedad;2;1;H;0;1;A;16;10;10;2;12;10;5;6;1;2;0;0;1,5;3,89;7,5;53,85;30,61;585;165,1;19;6
15/04/2017;Barcelona;Sociedad;3;2;H;3;2;H;16;14;9;7;15;17;5;4;3;2;0;0;1,17;6,5;17;55,45;92,21;772,5;165,1;17;6
03/03/2017;Betis;Sociedad;2;3;A;1;2;A;12;9;5;6;18;15;7;6;4;2;0;0;2,6;3,2;2,88;67,78;77,32;95,55;165,1;9;6
01/03/2018;Betis;Sociedad;0;0;D;0;0;D;8;13;4;5;11;7;4;10;2;0;0;0;2,79;3,39;2,39;55,47;94,68;95,55;165,1;9;6
21/05/2017;Celta;Sociedad;2;2;D;0;0;D;13;18;5;8;8;17;3;7;2;1;0;0;4,75;3,75;1,75;87,4;82,46;114,565;165,1;16;6
19/08/2017;Celta;Sociedad;2;3;A;1;1;D;16;13;5;6;12;11;5;4;3;1;0;0;2,38;3,25;3,2;67,25;73,26;114,565;165,1;16;6
24/09/2016;Eibar;Sociedad;2;0;H;0;0;D;17;3;3;0;15;13;5;3;4;2;0;1;2,45;3,2;3;61,34;96,4;71,75;165,1;9;6
01/04/2018;Eibar;Sociedad;0;0;D;0;0;D;15;7;3;0;14;10;8;1;4;2;0;0;2,37;3,39;2,87;66,79;63,86;71,75;165,1;9;6
10/02/2017;Espanol;Sociedad;1;2;A;1;1;D;7;15;2;5;15;14;5;6;3;2;0;0;2,8;3,2;2,63;72,68;77,1;85,45;165,1;7;6
11/03/2018;Espanol;Sociedad;2;1;H;0;1;A;18;11;7;5;18;14;6;4;0;2;0;0;2,87;3,1;2,62;41,38;43,26;85,45;165,1;7;6
29/10/2017;Getafe;Sociedad;2;1;H;0;1;A;10;15;5;4;19;16;8;7;3;2;0;0;2,45;3,39;2,87;38,1;24,4;48,75;165,1;18;6
17/11/2017;Girona;Sociedad;1;1;D;0;1;A;14;14;4;5;28;10;3;6;4;2;0;0;2,89;3,5;2,37;31,83;43,31;35,6;165,1;13;6
17/12/2016;Granada;Sociedad;0;2;A;0;0;D;10;18;4;6;9;11;5;9;0;1;0;0;3,75;3,4;2;87,65;67,18;85,5;165,1;30;6
05/12/2016;La Coruna;Sociedad;5;1;H;3;0;H;15;14;10;3;15;10;8;6;1;4;0;0;3,1;3,1;2,5;65,32;80,62;92,8;165,1;16;6
10/09/2017;La Coruna;Sociedad;2;4;A;1;2;A;11;15;4;4;18;14;5;7;1;3;0;0;2,75;3,3;2,6;43,08;43,01;92,8;165,1;16;6
24/02/2017;Las Palmas;Sociedad;0;1;A;0;0;D;18;9;7;2;14;19;6;1;2;2;0;0;2,6;3,4;2,7;67,52;77,47;123;165,1;15;6
14/04/2018;Las Palmas;Sociedad;0;1;A;0;1;A;7;20;0;11;6;16;4;6;0;0;0;0;3,79;3,6;1,95;92,1;76,85;123;165,1;15;6
28/10/2016;Leganes;Sociedad;0;2;A;0;1;A;7;9;4;5;19;15;1;4;5;2;0;0;2,63;3,1;2,88;65,77;74,25;53,63;165,1;15;6
07/01/2018;Leganes;Sociedad;1;0;H;0;0;D;8;9;4;5;14;11;5;6;0;1;0;0;2,89;3,25;2,5;95,11;55,85;53,63;165,1;15;6
21/09/2017;Levante;Sociedad;3;0;H;1;0;H;13;13;9;3;13;11;3;6;2;0;0;1;3,25;3,25;2,3;67,57;62,55;59,35;165,1;15;6
16/01/2017;Malaga;Sociedad;0;2;A;0;0;D;5;11;1;5;22;12;8;8;0;2;0;0;2,4;3,3;3;70,9;77,16;88,43;165,1;17;6
22/04/2018;Malaga;Sociedad;2;0;H;2;0;H;4;14;3;2;16;0;5;3;4;1;0;0;5,25;3,6;1,72;61,73;78,4;88,43;165,1;17;6
27/08/2016;Osasuna;Sociedad;0;2;A;0;1;A;8;5;3;4;14;14;10;1;2;1;0;0;3,1;3,1;2,5;93,19;71,87;36,8;165,1;9;6
29/01/2017;Real Madrid;Sociedad;3;0;H;1;0;H;7;9;4;3;16;11;0;3;2;1;0;1;1,25;6,5;10;92,15;78,6;743,1;165,1;18;6
10/02/2018;Real Madrid;Sociedad;5;2;H;4;0;H;18;8;9;3;11;10;5;3;2;1;0;0;1,19;7;13;63,31;83,21;743,1;165,1;18;6
05/05/2017;Sevilla;Sociedad;1;1;D;1;0;H;11;9;3;3;20;10;10;3;4;3;0;1;1,62;4;5,5;79,87;76,46;236,4;165,1;24;6
20/11/2016;Sp Gijon;Sociedad;1;3;A;1;1;D;4;20;1;9;17;9;3;5;2;1;0;0;3,4;3,3;2,2;59,09;77,92;50,5;165,1;9;6
26/04/2017;Valencia;Sociedad;2;3;A;0;2;A;14;8;3;2;15;21;2;3;4;3;0;0;2,6;3,4;2,7;68,18;92,49;269,45;165,1;20;6
25/02/2018;Valencia;Sociedad;2;1;H;1;0;H;7;9;4;3;12;9;4;4;2;3;0;0;1,7;4;4,75;45,19;49,77;269,45;165,1;20;6
18/09/2016;Villarreal;Sociedad;2;1;H;2;1;H;9;15;4;2;13;16;3;6;2;3;0;1;1,85;3,5;4,5;68,63;92,46;196,7;165,1;15;6
27/01/2018;Villarreal;Sociedad;4;2;H;4;1;H;11;24;7;6;16;6;2;9;1;1;0;0;2,04;3,5;3,5;47,2;28,87;196,7;165,1;15;6
28/08/2016;Alaves;Sp Gijon;0;0;D;0;0;D;13;7;2;1;10;12;4;6;1;1;0;0;2,15;3,2;3,75;64,8;55,43;64,85;50,5;11;9
29/01/2017;Ath Bilbao;Sp Gijon;2;1;H;0;1;A;11;5;6;3;11;22;5;0;4;3;0;0;1,36;4,75;9,5;68,22;96,67;188,5;50,5;1;9
17/09/2016;Ath Madrid;Sp Gijon;5;0;H;3;0;H;18;10;7;1;14;9;1;4;0;2;0;0;1,18;6,5;21;67,67;96,37;585;50,5;19;9
01/03/2017;Barcelona;Sp Gijon;6;1;H;3;1;H;25;5;9;2;14;12;10;3;1;3;0;0;1,05;15;41;95,89;55,32;772,5;50,5;17;9
22/01/2017;Betis;Sp Gijon;0;0;D;0;0;D;16;7;4;1;14;20;9;5;2;2;0;0;1,73;3,6;5,25;75,41;87,26;95,55;50,5;9;9
21/09/2016;Celta;Sp Gijon;2;1;H;0;0;D;16;4;5;1;16;8;8;0;2;3;0;0;1,57;4;6;92,6;78,21;114,565;50,5;16;9
14/05/2017;Eibar;Sp Gijon;0;1;A;0;1;A;10;11;2;4;9;10;5;6;2;2;0;0;2;3,75;3,5;75,6;56,71;71,75;50,5;9;9
11/12/2016;Espanol;Sp Gijon;2;1;H;0;0;D;12;13;6;5;13;10;4;3;1;2;0;0;1,73;3,75;5;66,75;76,81;85,45;50,5;7;9
22/10/2016;Granada;Sp Gijon;0;0;D;0;0;D;12;3;1;3;10;12;3;3;4;1;0;0;2,1;3,4;3,6;73,69;96,65;85,5;50,5;30;9
01/10/2016;La Coruna;Sp Gijon;2;1;H;1;0;H;21;7;6;2;17;26;11;4;0;4;0;0;1,95;3,4;4,2;78,49;64,49;92,8;50,5;16;9
07/01/2017;Las Palmas;Sp Gijon;1;0;H;0;0;D;16;10;10;2;8;18;8;3;2;3;0;0;1,67;3,75;5,5;69,01;87,32;123;50,5;15;9
12/02/2017;Leganes;Sp Gijon;0;2;A;0;0;D;9;4;3;2;16;16;4;3;3;6;0;1;1,83;3,4;4,75;68,48;82,99;53,63;50,5;15;9
04/11/2016;Malaga;Sp Gijon;3;2;H;1;1;D;22;7;7;4;12;20;9;2;5;4;0;1;1,73;3,6;5,25;73,41;58,89;88,43;50,5;17;9
22/04/2017;Osasuna;Sp Gijon;2;2;D;1;0;H;7;12;1;4;25;10;1;5;3;4;0;0;2,5;3,4;2,8;50,52;55,78;36,8;50,5;9;9
26/11/2016;Real Madrid;Sp Gijon;2;1;H;2;1;H;19;9;7;3;19;18;5;6;1;3;0;0;1,06;13;34;68,58;64,8;743,1;50,5;18;9
02/04/2017;Sevilla;Sp Gijon;0;0;D;0;0;D;18;8;6;2;17;13;9;5;3;4;0;0;1,33;5,5;8,5;71,61;69,03;236,4;50,5;24;9
10/04/2017;Sociedad;Sp Gijon;3;1;H;2;0;H;20;10;7;3;20;19;7;4;1;5;0;0;1,44;4,75;7;74,44;56,07;165,1;50,5;6;9
11/03/2017;Valencia;Sp Gijon;1;1;D;0;0;D;20;10;7;4;15;20;7;9;3;5;0;0;1,5;4,33;6,5;49,43;86,39;269,45;50,5;20;9
28/04/2017;Villarreal;Sp Gijon;3;1;H;1;0;H;18;14;6;7;9;10;4;7;2;1;0;0;1,4;4,75;8;79,99;56,21;196,7;50,5;15;9
25/02/2017;Alaves;Valencia;2;1;H;0;0;D;13;5;5;2;13;16;2;1;4;2;0;1;2,63;3,1;2,88;67,27;72,14;64,85;269,45;11;20
28/10/2017;Alaves;Valencia;1;2;A;0;1;A;16;7;6;2;19;18;6;4;5;1;0;0;6;3,75;1,6;64,57;77,3;64,85;269,45;11;20
18/09/2016;Ath Bilbao;Valencia;2;1;H;2;1;H;13;10;4;2;19;20;7;1;4;4;0;0;1,85;3,6;4,33;57,23;70,36;188,5;269,45;1;20
28/02/2018;Ath Bilbao;Valencia;1;1;D;0;1;A;11;6;4;4;16;16;6;1;1;2;0;0;2,62;3,2;2,79;72,54;59,26;188,5;269,45;1;20
05/03/2017;Ath Madrid;Valencia;3;0;H;1;0;H;18;6;8;2;17;9;6;2;1;2;0;0;1,44;4,5;7,5;85,92;72,15;585;269,45;19;20
04/02/2018;Ath Madrid;Valencia;1;0;H;0;0;D;14;9;4;0;18;4;9;1;1;1;0;0;1,44;4,33;7,5;69,72;68,88;585;269,45;19;20
19/03/2017;Barcelona;Valencia;4;2;H;2;2;D;28;6;12;5;4;12;6;3;3;4;0;1;1,13;9,5;19;85,86;81,31;772,5;269,45;17;20
14/04/2018;Barcelona;Valencia;2;1;H;1;0;H;12;17;7;6;9;11;6;5;2;2;0;0;1,28;6;9,5;38,85;51,55;772,5;269,45;17;20
11/02/2017;Betis;Valencia;0;0;D;0;0;D;16;8;2;4;15;17;4;6;4;3;0;0;2,5;3,25;2,9;75,44;70,11;95,55;269,45;9;20
15/10/2017;Betis;Valencia;3;6;A;0;2;A;13;13;6;9;11;11;7;5;1;4;0;0;2,55;3,5;2,7;43,21;47,14;95,55;269,45;9;20
06/11/2016;Celta;Valencia;2;1;H;1;1;D;7;13;4;4;19;15;4;3;6;1;0;0;2,25;3,4;3,2;92,06;63,78;114,565;269,45;16;20
21/04/2018;Celta;Valencia;1;1;D;0;0;D;10;17;3;7;14;19;4;3;1;2;0;0;2,7;3,39;2,6;72,3;72,11;114,565;269,45;16;20
27/08/2016;Eibar;Valencia;1;0;H;0;0;D;13;13;6;3;13;11;6;10;2;2;0;0;2,7;3,2;2,75;62,2;75,45;71,75;269,45;9;20
16/12/2017;Eibar;Valencia;2;1;H;0;0;D;15;7;3;3;13;13;5;6;1;4;0;0;2,75;3,29;2,6;39,97;33,27;71,75;269,45;9;20
13/05/2017;Espanol;Valencia;0;1;A;0;0;D;15;9;3;3;19;14;7;2;0;4;0;0;2,4;3,3;3;70,69;73,3;85,45;269,45;7;20
19/11/2017;Espanol;Valencia;0;2;A;0;0;D;12;7;4;3;11;17;3;4;0;4;0;0;3,2;3,29;2,29;62,73;63,89;85,45;269,45;7;20
03/12/2017;Getafe;Valencia;1;0;H;0;0;D;11;13;3;6;18;11;5;12;8;4;1;0;3;3,39;2,29;33,84;39,18;48,75;269,45;18;20
09/04/2017;Granada;Valencia;1;3;A;0;2;A;21;17;5;8;9;13;5;2;2;2;0;0;3,5;3,4;2,1;73,26;75,88;85,5;269,45;30;20
31/10/2016;La Coruna;Valencia;1;1;D;1;0;H;16;10;4;3;14;21;5;6;1;5;0;0;2,88;3,2;2,55;64,85;74,37;92,8;269,45;16;20
13/01/2018;La Coruna;Valencia;1;2;A;0;1;A;12;12;2;5;13;8;8;10;2;1;0;0;3;3,39;2,37;91,97;70,7;92,8;269,45;16;20
30/01/2017;Las Palmas;Valencia;3;1;H;1;1;D;9;8;4;3;17;13;6;3;1;3;0;1;2,5;3,4;2,8;67,3;74,48;123;269,45;15;20
20/01/2018;Las Palmas;Valencia;2;1;H;1;1;D;20;14;6;8;18;16;3;6;2;9;0;2;4,5;4;1,72;83,64;67,6;123;269,45;15;20
25/09/2016;Leganes;Valencia;1;2;A;1;1;D;7;10;3;4;19;17;1;5;4;4;0;0;2,8;3,2;2,6;78,87;55,53;53,63;269,45;15;20
01/04/2018;Leganes;Valencia;0;1;A;0;0;D;8;3;1;1;14;17;5;2;3;4;0;0;3,75;3,39;2;49,72;46,99;53,63;269,45;15;20
16/09/2017;Levante;Valencia;1;1;D;1;1;D;9;13;2;5;21;11;1;3;2;1;0;0;3,25;3,25;2,3;27,81;43,11;59,35;269,45;15;20
22/04/2017;Malaga;Valencia;2;0;H;2;0;H;10;13;4;2;16;13;7;6;3;3;0;0;2,2;3,4;3,3;79,56;66,92;88,43;269,45;17;20
17/02/2018;Malaga;Valencia;1;2;A;1;0;H;9;10;3;3;19;18;7;2;2;4;1;0;3,6;3,5;2,04;39,26;43,52;88,43;269,45;17;20
09/01/2017;Osasuna;Valencia;3;3;D;1;2;A;22;7;4;3;19;13;7;3;2;5;0;0;4;3,5;1,95;50,37;73,49;36,8;269,45;9;20
29/04/2017;Real Madrid;Valencia;2;1;H;1;0;H;20;9;5;2;13;10;2;3;3;4;0;0;1,17;9;13;65,96;87,06;743,1;269,45;18;20
27/08/2017;Real Madrid;Valencia;2;2;D;1;1;D;22;7;6;3;12;12;13;4;3;5;0;0;1,17;8;15;41,41;49,97;743,1;269,45;18;20
26/11/2016;Sevilla;Valencia;2;1;H;0;0;D;6;10;1;4;19;14;3;6;0;1;0;0;1,73;3,75;5;82,47;73,99;236,4;269,45;24;20
10/03/2018;Sevilla;Valencia;0;2;A;0;1;A;21;10;5;5;15;15;7;3;4;2;0;0;2;3,5;3,79;41,64;53,97;236,4;269,45;24;20
10/12/2016;Sociedad;Valencia;3;2;H;2;1;H;14;9;6;3;17;20;8;4;4;4;0;1;1,91;3,75;3,8;92,61;68,34;165,1;269,45;6;20
24/09/2017;Sociedad;Valencia;2;3;A;1;1;D;18;13;6;4;11;13;7;6;3;7;1;1;2,3;3,4;3,1;26,8;44,84;165,1;269,45;6;20
16/10/2016;Sp Gijon;Valencia;1;2;A;1;1;D;10;7;2;3;21;11;4;4;5;1;0;0;3,6;3,4;2,1;59,43;73,14;50,5;269,45;9;20
21/01/2017;Villarreal;Valencia;0;2;A;0;2;A;20;13;5;5;14;17;7;2;2;2;0;0;1,85;3,6;4,33;80,74;72,85;196,7;269,45;15;20
17/04/2017;Alaves;Villarreal;2;1;H;2;0;H;11;11;5;5;8;13;5;11;2;4;0;0;3;3;2,55;68,79;79,98;64,85;196,7;11;15
17/09/2017;Alaves;Villarreal;0;3;A;0;1;A;16;16;2;6;12;25;2;3;2;2;0;0;3,1;3,1;2,4;34,41;43,68;64,85;196,7;11;15
20/11/2016;Ath Bilbao;Villarreal;1;0;H;0;0;D;12;6;5;2;13;17;6;5;0;2;0;0;2,15;3,3;3,5;74,51;50,4;188,5;196,7;1;15
19/11/2017;Ath Bilbao;Villarreal;1;1;D;0;1;A;15;7;3;4;10;16;9;7;1;3;0;0;2,25;3,29;3,29;45,72;38,91;188,5;196,7;1;15
25/04/2017;Ath Madrid;Villarreal;0;1;A;0;0;D;23;6;9;2;15;16;5;1;2;6;0;0;1,4;4,1;9;56,44;71,21;585;196,7;19;15
28/10/2017;Ath Madrid;Villarreal;1;1;D;0;0;D;18;12;6;4;13;20;11;6;0;4;0;0;1,5;4;7,5;37,91;50,5;585;196,7;19;15
06/05/2017;Barcelona;Villarreal;4;1;H;2;1;H;20;8;8;4;10;13;4;3;2;4;0;0;1,14;8,5;17;87,79;75,36;772,5;196,7;17;15
04/04/2017;Betis;Villarreal;0;1;A;0;0;D;15;6;3;2;12;15;5;2;2;2;0;0;2,75;3,2;2,7;69,21;78,62;95,55;196,7;9;15
03/02/2018;Betis;Villarreal;2;1;H;1;0;H;13;12;4;3;11;12;2;6;1;2;0;1;2,79;3,39;2,5;37,24;53,08;95,55;196,7;9;15
12/03/2017;Celta;Villarreal;0;1;A;0;1;A;12;8;1;4;8;11;4;3;4;5;0;0;2,75;3,2;2,75;77,73;75,31;114,565;196,7;16;15
17/12/2017;Celta;Villarreal;0;1;A;0;1;A;10;8;3;5;11;19;2;2;1;3;0;0;2,29;3,39;3,1;65,27;69,2;114,565;196,7;16;15
30/10/2016;Eibar;Villarreal;2;1;H;0;1;A;13;6;9;1;16;16;3;7;2;3;0;0;3;3,2;2,5;68,7;66,21;71,75;196,7;9;15
28/02/2018;Eibar;Villarreal;1;0;H;1;0;H;13;11;1;3;18;8;6;4;4;2;0;0;2,2;3,2;3,6;70,96;75,74;71,75;196,7;9;15
02/10/2016;Espanol;Villarreal;0;0;D;0;0;D;9;5;1;1;14;10;3;1;2;2;0;0;2,88;3,1;2,63;92,12;66,01;85,45;196,7;7;15
18/02/2018;Espanol;Villarreal;1;1;D;0;1;A;15;8;3;3;7;19;2;5;1;7;0;0;2,5;3,25;2,89;31,14;47,47;85,45;196,7;7;15
24/09/2017;Getafe;Villarreal;4;0;H;0;0;D;17;6;8;1;11;16;7;4;1;4;0;0;2,88;3,1;2,63;43,62;35,34;48,75;196,7;18;15
15/10/2017;Girona;Villarreal;1;2;A;1;2;A;14;5;3;2;12;20;8;1;3;4;0;0;2,8;3,2;2,6;26,87;24,14;35,6;196,7;13;15
20/08/2016;Granada;Villarreal;1;1;D;0;0;D;7;12;1;3;17;11;7;3;2;3;0;0;2,5;3,2;3;55,69;76,79;85,5;196,7;30;15
14/01/2017;La Coruna;Villarreal;0;0;D;0;0;D;13;4;3;1;14;8;10;0;0;1;0;0;2,7;3,1;2,8;87,84;67,53;92,8;196,7;16;15
17/03/2017;Las Palmas;Villarreal;1;0;H;1;0;H;19;8;10;3;14;14;8;5;2;2;0;1;2,55;3,4;2,75;69,99;80,88;123;196,7;15;15
11/03/2018;Las Palmas;Villarreal;0;2;A;0;0;D;9;11;3;4;15;17;7;3;1;1;1;0;3,5;3,5;2,1;86,88;70,63;123;196,7;15;15
03/12/2016;Leganes;Villarreal;0;0;D;0;0;D;11;9;4;3;21;16;2;4;6;3;0;0;3,8;2,9;2,25;89,59;69,72;53,63;196,7;15;15
03/12/2017;Leganes;Villarreal;3;1;H;0;0;D;12;12;5;4;11;17;5;6;2;4;0;0;2,79;3,25;2,62;69,31;79,06;53,63;196,7;15;15
21/08/2017;Levante;Villarreal;1;0;H;0;0;D;14;9;3;1;18;14;11;6;1;3;0;0;3,25;3,25;2,3;37,15;44,19;59,35;196,7;15;15
10/09/2016;Malaga;Villarreal;0;2;A;0;2;A;15;12;2;6;8;14;9;7;2;1;0;0;2,3;3,1;3,3;72,22;77,05;88,43;196,7;17;15
01/04/2018;Malaga;Villarreal;1;0;H;1;0;H;13;11;3;1;17;13;3;6;2;3;0;0;3,5;3,2;2,14;65,5;77,14;88,43;196,7;17;15
01/03/2017;Osasuna;Villarreal;1;4;A;0;2;A;17;12;3;6;10;13;8;2;3;3;0;0;3,8;3,4;2,05;92,83;67,35;36,8;196,7;9;15
21/09/2016;Real Madrid;Villarreal;1;1;D;0;1;A;22;8;6;3;9;9;17;3;4;1;0;0;1,2;7;15;96,49;90,6;743,1;196,7;18;15
13/01/2018;Real Madrid;Villarreal;0;1;A;0;0;D;28;10;7;4;11;12;11;0;2;1;0;0;1,25;6,5;10;37,16;37,75;743,1;196,7;18;15
05/02/2017;Sevilla;Villarreal;0;0;D;0;0;D;14;11;4;4;14;16;9;0;2;2;0;0;1,6;3,8;6;83,04;79,67;236,4;196,7;24;15
14/04/2018;Sevilla;Villarreal;2;2;D;0;1;A;18;7;4;4;11;23;10;2;5;3;1;1;1,8;3,75;4,5;24,93;37,07;236,4;196,7;24;15
19/02/2017;Sociedad;Villarreal;0;1;A;0;0;D;16;7;0;3;8;19;7;4;2;4;0;0;1,95;3,3;4,2;73,99;53,47;165,1;196,7;6;15
25/08/2017;Sociedad;Villarreal;3;0;H;3;0;H;15;6;9;1;12;22;10;4;2;2;0;0;2,05;3,4;3,75;73,8;73,99;165,1;196,7;6;15
17/12/2016;Sp Gijon;Villarreal;1;3;A;0;2;A;16;14;7;9;16;14;12;2;2;1;0;0;3,25;3,3;2,2;82,66;72,22;50,5;196,7;9;15
21/05/2017;Valencia;Villarreal;1;3;A;0;1;A;16;14;5;6;15;10;9;0;2;2;0;0;3,1;3,4;2,3;73,56;93,56;269,45;196,7;20;15
23/12/2017;Valencia;Villarreal;0;1;A;0;1;A;22;9;3;2;11;21;14;1;7;5;1;1;2,04;3,6;3,29;77,95;70,97;269,45;196,7;20;15
;;;;;;;;;;;;;;;;;;;;;;;;;;;;;
;;;;;;;;;;;;;;;;;;;;;;;;;;;;;
;;;;;;;;;;;;;;;;;;;;;;;;;;;;;
;;;;;;;;;;;;;;;;;;;;;;;;;;;;;
;;;;;;;;;;;;;;;;;;;;;;;;;;;;;
;;;;;;;;;;;;;;;;;;;;;;;;;;;;;
;;;;;;;;;;;;;;;;;;;;;;;;;;;;;
;;;;;;;;;;;;;;;;;;;;;;;;;;;;;
;;;;;;;;;;;;;;;;;;;;;;;;;;;;;
;;;;;;;;;;;;;;;;;;;;;;;;;;;;;
;;;;;;;;;;;;;;;;;;;;;;;;;;;;;
;;;;;;;;;;;;;;;;;;;;;;;;;;;;;
;;;;;;;;;;;;;;;;;;;;;;;;;;;;;
;;;;;;;;;;;;;;;;;;;;;;;;;;;;;
;;;;;;;;;;;;;;;;;;;;;;;;;;;;;
;;;;;;;;;;;;;;;;;;;;;;;;;;;;;
;;;;;;;;;;;;;;;;;;;;;;;;;;;;;
;;;;;;;;;;;;;;;;;;;;;;;;;;;;;
;;;;;;;;;;;;;;;;;;;;;;;;;;;;;
;;;;;;;;;;;;;;;;;;;;;;;;;;;;;
;;;;;;;;;;;;;;;;;;;;;;;;;;;;;
;;;;;;;;;;;;;;;;;;;;;;;;;;;;;
;;;;;;;;;;;;;;;;;;;;;;;;;;;;;
;;;;;;;;;;;;;;;;;;;;;;;;;;;;;
;;;;;;;;;;;;;;;;;;;;;;;;;;;;;
;;;;;;;;;;;;;;;;;;;;;;;;;;;;;
;;;;;;;;;;;;;;;;;;;;;;;;;;;;;
;;;;;;;;;;;;;;;;;;;;;;;;;;;;;
;;;;;;;;;;;;;;;;;;;;;;;;;;;;;
;;;;;;;;;;;;;;;;;;;;;;;;;;;;;
;;;;;;;;;;;;;;;;;;;;;;;;;;;;;
;;;;;;;;;;;;;;;;;;;;;;;;;;;;;
;;;;;;;;;;;;;;;;;;;;;;;;;;;;;
;;;;;;;;;;;;;;;;;;;;;;;;;;;;;
;;;;;;;;;;;;;;;;;;;;;;;;;;;;;
;;;;;;;;;;;;;;;;;;;;;;;;;;;;;
;;;;;;;;;;;;;;;;;;;;;;;;;;;;;
;;;;;;;;;;;;;;;;;;;;;;;;;;;;;
;;;;;;;;;;;;;;;;;;;;;;;;;;;;;
;;;;;;;;;;;;;;;;;;;;;;;;;;;;;
;;;;;;;;;;;;;;;;;;;;;;;;;;;;;
;;;;;;;;;;;;;;;;;;;;;;;;;;;;;
;;;;;;;;;;;;;;;;;;;;;;;;;;;;;
;;;;;;;;;;;;;;;;;;;;;;;;;;;;;
;;;;;;;;;;;;;;;;;;;;;;;;;;;;;
;;;;;;;;;;;;;;;;;;;;;;;;;;;;;
;;;;;;;;;;;;;;;;;;;;;;;;;;;;;
;;;;;;;;;;;;;;;;;;;;;;;;;;;;;
;;;;;;;;;;;;;;;;;;;;;;;;;;;;;
;;;;;;;;;;;;;;;;;;;;;;;;;;;;;
;;;;;;;;;;;;;;;;;;;;;;;;;;;;;
;;;;;;;;;;;;;;;;;;;;;;;;;;;;;
;;;;;;;;;;;;;;;;;;;;;;;;;;;;;
;;;;;;;;;;;;;;;;;;;;;;;;;;;;;
;;;;;;;;;;;;;;;;;;;;;;;;;;;;;
;;;;;;;;;;;;;;;;;;;;;;;;;;;;;
;;;;;;;;;;;;;;;;;;;;;;;;;;;;;
;;;;;;;;;;;;;;;;;;;;;;;;;;;;;
;;;;;;;;;;;;;;;;;;;;;;;;;;;;;
;;;;;;;;;;;;;;;;;;;;;;;;;;;;;
;;;;;;;;;;;;;;;;;;;;;;;;;;;;;
;;;;;;;;;;;;;;;;;;;;;;;;;;;;;
;;;;;;;;;;;;;;;;;;;;;;;;;;;;;
;;;;;;;;;;;;;;;;;;;;;;;;;;;;;
;;;;;;;;;;;;;;;;;;;;;;;;;;;;;
;;;;;;;;;;;;;;;;;;;;;;;;;;;;;
;;;;;;;;;;;;;;;;;;;;;;;;;;;;;
;;;;;;;;;;;;;;;;;;;;;;;;;;;;;
;;;;;;;;;;;;;;;;;;;;;;;;;;;;;
;;;;;;;;;;;;;;;;;;;;;;;;;;;;;
;;;;;;;;;;;;;;;;;;;;;;;;;;;;;
;;;;;;;;;;;;;;;;;;;;;;;;;;;;;
;;;;;;;;;;;;;;;;;;;;;;;;;;;;;
;;;;;;;;;;;;;;;;;;;;;;;;;;;;;
;;;;;;;;;;;;;;;;;;;;;;;;;;;;;
;;;;;;;;;;;;;;;;;;;;;;;;;;;;;
;;;;;;;;;;;;;;;;;;;;;;;;;;;;;
;;;;;;;;;;;;;;;;;;;;;;;;;;;;;
;;;;;;;;;;;;;;;;;;;;;;;;;;;;;
;;;;;;;;;;;;;;;;;;;;;;;;;;;;;
;;;;;;;;;;;;;;;;;;;;;;;;;;;;;
;;;;;;;;;;;;;;;;;;;;;;;;;;;;;
;;;;;;;;;;;;;;;;;;;;;;;;;;;;;
;;;;;;;;;;;;;;;;;;;;;;;;;;;;;
;;;;;;;;;;;;;;;;;;;;;;;;;;;;;
;;;;;;;;;;;;;;;;;;;;;;;;;;;;;
;;;;;;;;;;;;;;;;;;;;;;;;;;;;;
;;;;;;;;;;;;;;;;;;;;;;;;;;;;;
;;;;;;;;;;;;;;;;;;;;;;;;;;;;;
;;;;;;;;;;;;;;;;;;;;;;;;;;;;;
;;;;;;;;;;;;;;;;;;;;;;;;;;;;;
;;;;;;;;;;;;;;;;;;;;;;;;;;;;;
;;;;;;;;;;;;;;;;;;;;;;;;;;;;;
;;;;;;;;;;;;;;;;;;;;;;;;;;;;;
;;;;;;;;;;;;;;;;;;;;;;;;;;;;;
;;;;;;;;;;;;;;;;;;;;;;;;;;;;;
;;;;;;;;;;;;;;;;;;;;;;;;;;;;;
;;;;;;;;;;;;;;;;;;;;;;;;;;;;;
;;;;;;;;;;;;;;;;;;;;;;;;;;;;;
;;;;;;;;;;;;;;;;;;;;;;;;;;;;;
;;;;;;;;;;;;;;;;;;;;;;;;;;;;;
;;;;;;;;;;;;;;;;;;;;;;;;;;;;;
;;;;;;;;;;;;;;;;;;;;;;;;;;;;;
;;;;;;;;;;;;;;;;;;;;;;;;;;;;;
;;;;;;;;;;;;;;;;;;;;;;;;;;;;;
;;;;;;;;;;;;;;;;;;;;;;;;;;;;;
;;;;;;;;;;;;;;;;;;;;;;;;;;;;;
;;;;;;;;;;;;;;;;;;;;;;;;;;;;;
;;;;;;;;;;;;;;;;;;;;;;;;;;;;;
;;;;;;;;;;;;;;;;;;;;;;;;;;;;;
;;;;;;;;;;;;;;;;;;;;;;;;;;;;;
;;;;;;;;;;;;;;;;;;;;;;;;;;;;;
;;;;;;;;;;;;;;;;;;;;;;;;;;;;;
;;;;;;;;;;;;;;;;;;;;;;;;;;;;;
;;;;;;;;;;;;;;;;;;;;;;;;;;;;;
;;;;;;;;;;;;;;;;;;;;;;;;;;;;;
;;;;;;;;;;;;;;;;;;;;;;;;;;;;;
;;;;;;;;;;;;;;;;;;;;;;;;;;;;;
;;;;;;;;;;;;;;;;;;;;;;;;;;;;;
;;;;;;;;;;;;;;;;;;;;;;;;;;;;;
;;;;;;;;;;;;;;;;;;;;;;;;;;;;;
;;;;;;;;;;;;;;;;;;;;;;;;;;;;;
;;;;;;;;;;;;;;;;;;;;;;;;;;;;;
;;;;;;;;;;;;;;;;;;;;;;;;;;;;;
;;;;;;;;;;;;;;;;;;;;;;;;;;;;;
;;;;;;;;;;;;;;;;;;;;;;;;;;;;;
;;;;;;;;;;;;;;;;;;;;;;;;;;;;;
;;;;;;;;;;;;;;;;;;;;;;;;;;;;;
;;;;;;;;;;;;;;;;;;;;;;;;;;;;;
;;;;;;;;;;;;;;;;;;;;;;;;;;;;;
;;;;;;;;;;;;;;;;;;;;;;;;;;;;;
;;;;;;;;;;;;;;;;;;;;;;;;;;;;;
;;;;;;;;;;;;;;;;;;;;;;;;;;;;;
;;;;;;;;;;;;;;;;;;;;;;;;;;;;;
;;;;;;;;;;;;;;;;;;;;;;;;;;;;;
;;;;;;;;;;;;;;;;;;;;;;;;;;;;;
;;;;;;;;;;;;;;;;;;;;;;;;;;;;;
;;;;;;;;;;;;;;;;;;;;;;;;;;;;;
;;;;;;;;;;;;;;;;;;;;;;;;;;;;;
;;;;;;;;;;;;;;;;;;;;;;;;;;;;;
;;;;;;;;;;;;;;;;;;;;;;;;;;;;;
;;;;;;;;;;;;;;;;;;;;;;;;;;;;;
;;;;;;;;;;;;;;;;;;;;;;;;;;;;;
;;;;;;;;;;;;;;;;;;;;;;;;;;;;;
;;;;;;;;;;;;;;;;;;;;;;;;;;;;;
;;;;;;;;;;;;;;;;;;;;;;;;;;;;;
;;;;;;;;;;;;;;;;;;;;;;;;;;;;;
;;;;;;;;;;;;;;;;;;;;;;;;;;;;;
;;;;;;;;;;;;;;;;;;;;;;;;;;;;;
;;;;;;;;;;;;;;;;;;;;;;;;;;;;;
;;;;;;;;;;;;;;;;;;;;;;;;;;;;;
;;;;;;;;;;;;;;;;;;;;;;;;;;;;;
;;;;;;;;;;;;;;;;;;;;;;;;;;;;;
;;;;;;;;;;;;;;;;;;;;;;;;;;;;;
;;;;;;;;;;;;;;;;;;;;;;;;;;;;;
;;;;;;;;;;;;;;;;;;;;;;;;;;;;;
;;;;;;;;;;;;;;;;;;;;;;;;;;;;;
;;;;;;;;;;;;;;;;;;;;;;;;;;;;;
;;;;;;;;;;;;;;;;;;;;;;;;;;;;;
;;;;;;;;;;;;;;;;;;;;;;;;;;;;;
;;;;;;;;;;;;;;;;;;;;;;;;;;;;;
;;;;;;;;;;;;;;;;;;;;;;;;;;;;;
;;;;;;;;;;;;;;;;;;;;;;;;;;;;;
;;;;;;;;;;;;;;;;;;;;;;;;;;;;;
;;;;;;;;;;;;;;;;;;;;;;;;;;;;;
;;;;;;;;;;;;;;;;;;;;;;;;;;;;;
;;;;;;;;;;;;;;;;;;;;;;;;;;;;;
;;;;;;;;;;;;;;;;;;;;;;;;;;;;;
;;;;;;;;;;;;;;;;;;;;;;;;;;;;;
;;;;;;;;;;;;;;;;;;;;;;;;;;;;;
;;;;;;;;;;;;;;;;;;;;;;;;;;;;;
;;;;;;;;;;;;;;;;;;;;;;;;;;;;;
;;;;;;;;;;;;;;;;;;;;;;;;;;;;;
;;;;;;;;;;;;;;;;;;;;;;;;;;;;;
;;;;;;;;;;;;;;;;;;;;;;;;;;;;;
;;;;;;;;;;;;;;;;;;;;;;;;;;;;;
;;;;;;;;;;;;;;;;;;;;;;;;;;;;;
;;;;;;;;;;;;;;;;;;;;;;;;;;;;;
;;;;;;;;;;;;;;;;;;;;;;;;;;;;;
;;;;;;;;;;;;;;;;;;;;;;;;;;;;;
;;;;;;;;;;;;;;;;;;;;;;;;;;;;;
;;;;;;;;;;;;;;;;;;;;;;;;;;;;;
;;;;;;;;;;;;;;;;;;;;;;;;;;;;;
;;;;;;;;;;;;;;;;;;;;;;;;;;;;;
;;;;;;;;;;;;;;;;;;;;;;;;;;;;;
;;;;;;;;;;;;;;;;;;;;;;;;;;;;;
;;;;;;;;;;;;;;;;;;;;;;;;;;;;;
;;;;;;;;;;;;;;;;;;;;;;;;;;;;;
;;;;;;;;;;;;;;;;;;;;;;;;;;;;;
;;;;;;;;;;;;;;;;;;;;;;;;;;;;;
;;;;;;;;;;;;;;;;;;;;;;;;;;;;;
;;;;;;;;;;;;;;;;;;;;;;;;;;;;;
;;;;;;;;;;;;;;;;;;;;;;;;;;;;;
;;;;;;;;;;;;;;;;;;;;;;;;;;;;;
;;;;;;;;;;;;;;;;;;;;;;;;;;;;;
;;;;;;;;;;;;;;;;;;;;;;;;;;;;;
;;;;;;;;;;;;;;;;;;;;;;;;;;;;;
;;;;;;;;;;;;;;;;;;;;;;;;;;;;;
;;;;;;;;;;;;;;;;;;;;;;;;;;;;;
;;;;;;;;;;;;;;;;;;;;;;;;;;;;;
;;;;;;;;;;;;;;;;;;;;;;;;;;;;;
;;;;;;;;;;;;;;;;;;;;;;;;;;;;;
;;;;;;;;;;;;;;;;;;;;;;;;;;;;;
;;;;;;;;;;;;;;;;;;;;;;;;;;;;;
;;;;;;;;;;;;;;;;;;;;;;;;;;;;;
;;;;;;;;;;;;;;;;;;;;;;;;;;;;;
;;;;;;;;;;;;;;;;;;;;;;;;;;;;;
;;;;;;;;;;;;;;;;;;;;;;;;;;;;;
;;;;;;;;;;;;;;;;;;;;;;;;;;;;;
;;;;;;;;;;;;;;;;;;;;;;;;;;;;;
;;;;;;;;;;;;;;;;;;;;;;;;;;;;;
;;;;;;;;;;;;;;;;;;;;;;;;;;;;;
;;;;;;;;;;;;;;;;;;;;;;;;;;;;;
;;;;;;;;;;;;;;;;;;;;;;;;;;;;;
;;;;;;;;;;;;;;;;;;;;;;;;;;;;;
;;;;;;;;;;;;;;;;;;;;;;;;;;;;;
;;;;;;;;;;;;;;;;;;;;;;;;;;;;;
;;;;;;;;;;;;;;;;;;;;;;;;;;;;;
;;;;;;;;;;;;;;;;;;;;;;;;;;;;;
;;;;;;;;;;;;;;;;;;;;;;;;;;;;;
;;;;;;;;;;;;;;;;;;;;;;;;;;;;;
;;;;;;;;;;;;;;;;;;;;;;;;;;;;;
;;;;;;;;;;;;;;;;;;;;;;;;;;;;;
;;;;;;;;;;;;;;;;;;;;;;;;;;;;;
;;;;;;;;;;;;;;;;;;;;;;;;;;;;;
;;;;;;;;;;;;;;;;;;;;;;;;;;;;;
;;;;;;;;;;;;;;;;;;;;;;;;;;;;;
;;;;;;;;;;;;;;;;;;;;;;;;;;;;;
;;;;;;;;;;;;;;;;;;;;;;;;;;;;;
;;;;;;;;;;;;;;;;;;;;;;;;;;;;;
;;;;;;;;;;;;;;;;;;;;;;;;;;;;;
;;;;;;;;;;;;;;;;;;;;;;;;;;;;;
;;;;;;;;;;;;;;;;;;;;;;;;;;;;;
;;;;;;;;;;;;;;;;;;;;;;;;;;;;;
;;;;;;;;;;;;;;;;;;;;;;;;;;;;;
;;;;;;;;;;;;;;;;;;;;;;;;;;;;;
;;;;;;;;;;;;;;;;;;;;;;;;;;;;;
;;;;;;;;;;;;;;;;;;;;;;;;;;;;;
;;;;;;;;;;;;;;;;;;;;;;;;;;;;;
;;;;;;;;;;;;;;;;;;;;;;;;;;;;;
;;;;;;;;;;;;;;;;;;;;;;;;;;;;;
;;;;;;;;;;;;;;;;;;;;;;;;;;;;;
;;;;;;;;;;;;;;;;;;;;;;;;;;;;;
;;;;;;;;;;;;;;;;;;;;;;;;;;;;;
;;;;;;;;;;;;;;;;;;;;;;;;;;;;;
;;;;;;;;;;;;;;;;;;;;;;;;;;;;;
;;;;;;;;;;;;;;;;;;;;;;;;;;;;;
;;;;;;;;;;;;;;;;;;;;;;;;;;;;;
;;;;;;;;;;;;;;;;;;;;;;;;;;;;;
;;;;;;;;;;;;;;;;;;;;;;;;;;;;;
;;;;;;;;;;;;;;;;;;;;;;;;;;;;;
;;;;;;;;;;;;;;;;;;;;;;;;;;;;;
;;;;;;;;;;;;;;;;;;;;;;;;;;;;;
;;;;;;;;;;;;;;;;;;;;;;;;;;;;;
;;;;;;;;;;;;;;;;;;;;;;;;;;;;;
;;;;;;;;;;;;;;;;;;;;;;;;;;;;;
;;;;;;;;;;;;;;;;;;;;;;;;;;;;;
;;;;;;;;;;;;;;;;;;;;;;;;;;;;;
;;;;;;;;;;;;;;;;;;;;;;;;;;;;;
;;;;;;;;;;;;;;;;;;;;;;;;;;;;;
;;;;;;;;;;;;;;;;;;;;;;;;;;;;;
;;;;;;;;;;;;;;;;;;;;;;;;;;;;;
;;;;;;;;;;;;;;;;;;;;;;;;;;;;;
;;;;;;;;;;;;;;;;;;;;;;;;;;;;;
;;;;;;;;;;;;;;;;;;;;;;;;;;;;;
;;;;;;;;;;;;;;;;;;;;;;;;;;;;;
;;;;;;;;;;;;;;;;;;;;;;;;;;;;;
;;;;;;;;;;;;;;;;;;;;;;;;;;;;;
;;;;;;;;;;;;;;;;;;;;;;;;;;;;;
;;;;;;;;;;;;;;;;;;;;;;;;;;;;;
;;;;;;;;;;;;;;;;;;;;;;;;;;;;;
;;;;;;;;;;;;;;;;;;;;;;;;;;;;;
;;;;;;;;;;;;;;;;;;;;;;;;;;;;;
;;;;;;;;;;;;;;;;;;;;;;;;;;;;;
;;;;;;;;;;;;;;;;;;;;;;;;;;;;;
;;;;;;;;;;;;;;;;;;;;;;;;;;;;;
;;;;;;;;;;;;;;;;;;;;;;;;;;;;;
;;;;;;;;;;;;;;;;;;;;;;;;;;;;;
;;;;;;;;;;;;;;;;;;;;;;;;;;;;;
;;;;;;;;;;;;;;;;;;;;;;;;;;;;;
;;;;;;;;;;;;;;;;;;;;;;;;;;;;;
;;;;;;;;;;;;;;;;;;;;;;;;;;;;;
;;;;;;;;;;;;;;;;;;;;;;;;;;;;;
;;;;;;;;;;;;;;;;;;;;;;;;;;;;;
;;;;;;;;;;;;;;;;;;;;;;;;;;;;;
;;;;;;;;;;;;;;;;;;;;;;;;;;;;;
;;;;;;;;;;;;;;;;;;;;;;;;;;;;;
;;;;;;;;;;;;;;;;;;;;;;;;;;;;;
;;;;;;;;;;;;;;;;;;;;;;;;;;;;;
;;;;;;;;;;;;;;;;;;;;;;;;;;;;;
;;;;;;;;;;;;;;;;;;;;;;;;;;;;;
;;;;;;;;;;;;;;;;;;;;;;;;;;;;;
;;;;;;;;;;;;;;;;;;;;;;;;;;;;;
;;;;;;;;;;;;;;;;;;;;;;;;;;;;;
;;;;;;;;;;;;;;;;;;;;;;;;;;;;;
;;;;;;;;;;;;;;;;;;;;;;;;;;;;;
;;;;;;;;;;;;;;;;;;;;;;;;;;;;;
;;;;;;;;;;;;;;;;;;;;;;;;;;;;;
;;;;;;;;;;;;;;;;;;;;;;;;;;;;;
;;;;;;;;;;;;;;;;;;;;;;;;;;;;;
;;;;;;;;;;;;;;;;;;;;;;;;;;;;;
;;;;;;;;;;;;;;;;;;;;;;;;;;;;;
;;;;;;;;;;;;;;;;;;;;;;;;;;;;;
;;;;;;;;;;;;;;;;;;;;;;;;;;;;;
;;;;;;;;;;;;;;;;;;;;;;;;;;;;;
;;;;;;;;;;;;;;;;;;;;;;;;;;;;;
;;;;;;;;;;;;;;;;;;;;;;;;;;;;;
;;;;;;;;;;;;;;;;;;;;;;;;;;;;;
;;;;;;;;;;;;;;;;;;;;;;;;;;;;;
;;;;;;;;;;;;;;;;;;;;;;;;;;;;;
;;;;;;;;;;;;;;;;;;;;;;;;;;;;;
;;;;;;;;;;;;;;;;;;;;;;;;;;;;;
;;;;;;;;;;;;;;;;;;;;;;;;;;;;;
;;;;;;;;;;;;;;;;;;;;;;;;;;;;;
;;;;;;;;;;;;;;;;;;;;;;;;;;;;;
;;;;;;;;;;;;;;;;;;;;;;;;;;;;;
;;;;;;;;;;;;;;;;;;;;;;;;;;;;;
;;;;;;;;;;;;;;;;;;;;;;;;;;;;;
;;;;;;;;;;;;;;;;;;;;;;;;;;;;;
;;;;;;;;;;;;;;;;;;;;;;;;;;;;;
;;;;;;;;;;;;;;;;;;;;;;;;;;;;;
;;;;;;;;;;;;;;;;;;;;;;;;;;;;;
;;;;;;;;;;;;;;;;;;;;;;;;;;;;;
;;;;;;;;;;;;;;;;;;;;;;;;;;;;;
;;;;;;;;;;;;;;;;;;;;;;;;;;;;;
;;;;;;;;;;;;;;;;;;;;;;;;;;;;;
;;;;;;;;;;;;;;;;;;;;;;;;;;;;;
;;;;;;;;;;;;;;;;;;;;;;;;;;;;;
;;;;;;;;;;;;;;;;;;;;;;;;;;;;;
;;;;;;;;;;;;;;;;;;;;;;;;;;;;;
;;;;;;;;;;;;;;;;;;;;;;;;;;;;;
;;;;;;;;;;;;;;;;;;;;;;;;;;;;;
;;;;;;;;;;;;;;;;;;;;;;;;;;;;;
;;;;;;;;;;;;;;;;;;;;;;;;;;;;;
;;;;;;;;;;;;;;;;;;;;;;;;;;;;;
;;;;;;;;;;;;;;;;;;;;;;;;;;;;;
;;;;;;;;;;;;;;;;;;;;;;;;;;;;;
;;;;;;;;;;;;;;;;;;;;;;;;;;;;;
;;;;;;;;;;;;;;;;;;;;;;;;;;;;;
;;;;;;;;;;;;;;;;;;;;;;;;;;;;;
;;;;;;;;;;;;;;;;;;;;;;;;;;;;;
;;;;;;;;;;;;;;;;;;;;;;;;;;;;;
;;;;;;;;;;;;;;;;;;;;;;;;;;;;;
;;;;;;;;;;;;;;;;;;;;;;;;;;;;;
;;;;;;;;;;;;;;;;;;;;;;;;;;;;;
;;;;;;;;;;;;;;;;;;;;;;;;;;;;;
;;;;;;;;;;;;;;;;;;;;;;;;;;;;;
;;;;;;;;;;;;;;;;;;;;;;;;;;;;;
;;;;;;;;;;;;;;;;;;;;;;;;;;;;;
;;;;;;;;;;;;;;;;;;;;;;;;;;;;;
;;;;;;;;;;;;;;;;;;;;;;;;;;;;;
;;;;;;;;;;;;;;;;;;;;;;;;;;;;;
;;;;;;;;;;;;;;;;;;;;;;;;;;;;;
;;;;;;;;;;;;;;;;;;;;;;;;;;;;;
;;;;;;;;;;;;;;;;;;;;;;;;;;;;;
;;;;;;;;;;;;;;;;;;;;;;;;;;;;;
;;;;;;;;;;;;;;;;;;;;;;;;;;;;;
;;;;;;;;;;;;;;;;;;;;;;;;;;;;;
;;;;;;;;;;;;;;;;;;;;;;;;;;;;;
;;;;;;;;;;;;;;;;;;;;;;;;;;;;;
;;;;;;;;;;;;;;;;;;;;;;;;;;;;;
;;;;;;;;;;;;;;;;;;;;;;;;;;;;;
;;;;;;;;;;;;;;;;;;;;;;;;;;;;;
;;;;;;;;;;;;;;;;;;;;;;;;;;;;;
;;;;;;;;;;;;;;;;;;;;;;;;;;;;;
;;;;;;;;;;;;;;;;;;;;;;;;;;;;;
;;;;;;;;;;;;;;;;;;;;;;;;;;;;;
;;;;;;;;;;;;;;;;;;;;;;;;;;;;;
;;;;;;;;;;;;;;;;;;;;;;;;;;;;;
;;;;;;;;;;;;;;;;;;;;;;;;;;;;;
;;;;;;;;;;;;;;;;;;;;;;;;;;;;;
;;;;;;;;;;;;;;;;;;;;;;;;;;;;;
;;;;;;;;;;;;;;;;;;;;;;;;;;;;;
;;;;;;;;;;;;;;;;;;;;;;;;;;;;;
;;;;;;;;;;;;;;;;;;;;;;;;;;;;;
;;;;;;;;;;;;;;;;;;;;;;;;;;;;;
;;;;;;;;;;;;;;;;;;;;;;;;;;;;;
;;;;;;;;;;;;;;;;;;;;;;;;;;;;;
;;;;;;;;;;;;;;;;;;;;;;;;;;;;;
;;;;;;;;;;;;;;;;;;;;;;;;;;;;;
;;;;;;;;;;;;;;;;;;;;;;;;;;;;;
;;;;;;;;;;;;;;;;;;;;;;;;;;;;;
;;;;;;;;;;;;;;;;;;;;;;;;;;;;;
;;;;;;;;;;;;;;;;;;;;;;;;;;;;;
;;;;;;;;;;;;;;;;;;;;;;;;;;;;;
;;;;;;;;;;;;;;;;;;;;;;;;;;;;;
;;;;;;;;;;;;;;;;;;;;;;;;;;;;;
;;;;;;;;;;;;;;;;;;;;;;;;;;;;;
;;;;;;;;;;;;;;;;;;;;;;;;;;;;;
;;;;;;;;;;;;;;;;;;;;;;;;;;;;;
;;;;;;;;;;;;;;;;;;;;;;;;;;;;;
;;;;;;;;;;;;;;;;;;;;;;;;;;;;;
;;;;;;;;;;;;;;;;;;;;;;;;;;;;;
;;;;;;;;;;;;;;;;;;;;;;;;;;;;;
;;;;;;;;;;;;;;;;;;;;;;;;;;;;;
;;;;;;;;;;;;;;;;;;;;;;;;;;;;;
;;;;;;;;;;;;;;;;;;;;;;;;;;;;;
;;;;;;;;;;;;;;;;;;;;;;;;;;;;;
;;;;;;;;;;;;;;;;;;;;;;;;;;;;;
;;;;;;;;;;;;;;;;;;;;;;;;;;;;;
;;;;;;;;;;;;;;;;;;;;;;;;;;;;;
;;;;;;;;;;;;;;;;;;;;;;;;;;;;;
;;;;;;;;;;;;;;;;;;;;;;;;;;;;;
;;;;;;;;;;;;;;;;;;;;;;;;;;;;;
;;;;;;;;;;;;;;;;;;;;;;;;;;;;;
;;;;;;;;;;;;;;;;;;;;;;;;;;;;;
;;;;;;;;;;;;;;;;;;;;;;;;;;;;;
;;;;;;;;;;;;;;;;;;;;;;;;;;;;;
;;;;;;;;;;;;;;;;;;;;;;;;;;;;;
;;;;;;;;;;;;;;;;;;;;;;;;;;;;;
;;;;;;;;;;;;;;;;;;;;;;;;;;;;;
;;;;;;;;;;;;;;;;;;;;;;;;;;;;;
;;;;;;;;;;;;;;;;;;;;;;;;;;;;;
;;;;;;;;;;;;;;;;;;;;;;;;;;;;;
;;;;;;;;;;;;;;;;;;;;;;;;;;;;;
;;;;;;;;;;;;;;;;;;;;;;;;;;;;;
;;;;;;;;;;;;;;;;;;;;;;;;;;;;;
;;;;;;;;;;;;;;;;;;;;;;;;;;;;;
;;;;;;;;;;;;;;;;;;;;;;;;;;;;;
;;;;;;;;;;;;;;;;;;;;;;;;;;;;;
;;;;;;;;;;;;;;;;;;;;;;;;;;;;;
;;;;;;;;;;;;;;;;;;;;;;;;;;;;;
;;;;;;;;;;;;;;;;;;;;;;;;;;;;;
;;;;;;;;;;;;;;;;;;;;;;;;;;;;;
;;;;;;;;;;;;;;;;;;;;;;;;;;;;;
;;;;;;;;;;;;;;;;;;;;;;;;;;;;;
;;;;;;;;;;;;;;;;;;;;;;;;;;;;;
;;;;;;;;;;;;;;;;;;;;;;;;;;;;;
;;;;;;;;;;;;;;;;;;;;;;;;;;;;;
;;;;;;;;;;;;;;;;;;;;;;;;;;;;;
;;;;;;;;;;;;;;;;;;;;;;;;;;;;;
;;;;;;;;;;;;;;;;;;;;;;;;;;;;;
;;;;;;;;;;;;;;;;;;;;;;;;;;;;;
;;;;;;;;;;;;;;;;;;;;;;;;;;;;;
;;;;;;;;;;;;;;;;;;;;;;;;;;;;;
;;;;;;;;;;;;;;;;;;;;;;;;;;;;;
;;;;;;;;;;;;;;;;;;;;;;;;;;;;;
;;;;;;;;;;;;;;;;;;;;;;;;;;;;;
;;;;;;;;;;;;;;;;;;;;;;;;;;;;;
;;;;;;;;;;;;;;;;;;;;;;;;;;;;;
;;;;;;;;;;;;;;;;;;;;;;;;;;;;;
;;;;;;;;;;;;;;;;;;;;;;;;;;;;;
;;;;;;;;;;;;;;;;;;;;;;;;;;;;;
;;;;;;;;;;;;;;;;;;;;;;;;;;;;;
;;;;;;;;;;;;;;;;;;;;;;;;;;;;;
;;;;;;;;;;;;;;;;;;;;;;;;;;;;;
;;;;;;;;;;;;;;;;;;;;;;;;;;;;;
;;;;;;;;;;;;;;;;;;;;;;;;;;;;;
;;;;;;;;;;;;;;;;;;;;;;;;;;;;;
;;;;;;;;;;;;;;;;;;;;;;;;;;;;;
;;;;;;;;;;;;;;;;;;;;;;;;;;;;;
;;;;;;;;;;;;;;;;;;;;;;;;;;;;;
;;;;;;;;;;;;;;;;;;;;;;;;;;;;;
;;;;;;;;;;;;;;;;;;;;;;;;;;;;;
;;;;;;;;;;;;;;;;;;;;;;;;;;;;;
;;;;;;;;;;;;;;;;;;;;;;;;;;;;;
;;;;;;;;;;;;;;;;;;;;;;;;;;;;;
;;;;;;;;;;;;;;;;;;;;;;;;;;;;;
;;;;;;;;;;;;;;;;;;;;;;;;;;;;;
;;;;;;;;;;;;;;;;;;;;;;;;;;;;;
;;;;;;;;;;;;;;;;;;;;;;;;;;;;;
;;;;;;;;;;;;;;;;;;;;;;;;;;;;;
